country,year,AGG
AUS,2009,0.00048380740195077296
AUS,2010,0.0011850260628928032
AUS,2011,0.0013099783460601413
AUS,2012,0.0008937375982595155
AUS,2013,0.0006600588395016665
AUS,2014,0.0006893641464700802
AUS,2015,0.0007246615001568871
AUS,2016,0.000811984110129239
AUS,2017,0.0011161026761020649
AUS,2018,0.001580427894807602
AUS,2019,0.0015656060689078488
AUS,2020,0.0016072289687022476
AUS,2021,0.0019403201027348997
AUS,2022,0.001022255180625431
BRA,2009,0.001247278822429009
BRA,2010,0.0012284201957479032
BRA,2011,0.000996707251727583
BRA,2012,0.0011469691433718063
BRA,2013,0.0012850754242569198
BRA,2014,0.0012214737661315484
BRA,2015,0.0011079601010565354
BRA,2016,0.001400017508255889
BRA,2017,0.0016724711565240496
BRA,2018,0.0017583013105160865
BRA,2019,0.002433576485019831
BRA,2020,0.0030032145079677583
BRA,2021,0.004117355272217629
BRA,2022,0.002253333794575148
CAN,2009,0.0002684802262346161
CAN,2010,0.00040090886214587054
CAN,2011,0.00045074119513542637
CAN,2012,0.00033208651875017887
CAN,2013,0.00041502800638567206
CAN,2014,0.0004212706541020866
CAN,2015,0.00035926529340023
CAN,2016,5.361244789007173e-05
CAN,2017,0.00040117359955213385
CAN,2018,5.67645759005991e-05
CAN,2019,0.00023787344388246693
CAN,2020,4.412201015479471e-05
CAN,2021,7.044662778943504e-05
CAN,2022,0.00016044064862998151
CZE,2009,0.0015901380484120793
CZE,2010,0.0036798186489772062
CZE,2011,0.0011219115625584026
CZE,2012,0.0009330039112420197
CZE,2013,0.0008207194361826163
CZE,2014,0.0009917255934270893
CZE,2015,0.0012303737020701302
CZE,2016,0.0009806886090842858
CZE,2017,0.0003970763083860742
CZE,2018,2.8819972898936858e-05
CZE,2019,0.0
CZE,2020,0.0
CZE,2021,0.0
CZE,2022,0.0
DEU,2009,0.0
DEU,2010,0.0
DEU,2011,0.0
DEU,2012,0.0
DEU,2013,0.0
DEU,2014,0.0
DEU,2015,0.0
DEU,2016,0.0
DEU,2017,0.0
DEU,2018,0.0
DEU,2019,0.0
DEU,2020,0.0
DEU,2021,0.0
DEU,2022,0.0
IDN,2009,0.0
IDN,2010,0.0
IDN,2011,0.0
IDN,2012,0.0
IDN,2013,0.0
IDN,2014,0.0
IDN,2015,0.0
IDN,2016,0.0
IDN,2017,0.0
IDN,2018,0.0
IDN,2019,0.0
IDN,2020,0.0
IDN,2021,0.0
IDN,2022,0.0
IND,2009,0.0
IND,2010,0.0
IND,2011,0.0
IND,2012,0.0
IND,2013,0.0
IND,2014,0.0
IND,2015,0.0
IND,2016,0.0
IND,2017,0.0
IND,2018,0.0
IND,2019,0.0
IND,2020,0.0
IND,2021,0.0
IND,2022,0.0
JPN,2009,0.0014027032139954272
JPN,2010,0.0015712304713661933
JPN,2011,0.001401540444956222
JPN,2012,0.0013994297917470184
JPN,2013,0.0019459366797294423
JPN,2014,0.002390740126985954
JPN,2015,0.0023540949501007764
JPN,2016,0.0020833604300028626
JPN,2017,0.001990185753925336
JPN,2018,0.0018877363376500259
JPN,2019,0.0018830312848957913
JPN,2020,0.0020560901238334058
JPN,2021,0.0021886618140452823
JPN,2022,0.0019387000190883683
KHM,2009,0.0
KHM,2010,0.0
KHM,2011,0.0
KHM,2012,0.0
KHM,2013,0.0
KHM,2014,0.0
KHM,2015,0.0
KHM,2016,0.0
KHM,2017,0.0
KHM,2018,0.0
KHM,2019,0.0
KHM,2020,0.0
KHM,2021,0.0
KHM,2022,0.0
KOR,2009,0.0019670198840396652
KOR,2010,0.0019073318303646336
KOR,2011,0.001651937371727
KOR,2012,0.001625740855911266
KOR,2013,0.0016165158614722809
KOR,2014,0.001844763050988082
KOR,2015,0.00255649757861411
KOR,2016,0.002289548555532925
KOR,2017,0.002031728905145568
KOR,2018,0.0020842108753486343
KOR,2019,0.002351576927408653
KOR,2020,0.0029283025854269385
KOR,2021,0.003680478745554868
KOR,2022,0.004801565230493783
LTU,2009,0.00010132719244532895
LTU,2010,0.00010897446791783309
LTU,2011,6.874638829868836e-05
LTU,2012,0.00012431555252826054
LTU,2013,0.00014882249130512273
LTU,2014,0.00025529555402494306
LTU,2015,0.00014033368149472537
LTU,2016,0.00016469680379211087
LTU,2017,0.00016681246383725332
LTU,2018,0.00016716435436495784
LTU,2019,0.0001961493658786994
LTU,2020,0.00021987809896592843
LTU,2021,0.0004270167825999907
LTU,2022,0.0005408946572412226
MEX,2009,0.0
MEX,2010,0.0
MEX,2011,0.0
MEX,2012,0.0
MEX,2013,0.0
MEX,2014,0.0
MEX,2015,0.0
MEX,2016,0.0
MEX,2017,0.0
MEX,2018,0.0
MEX,2019,0.0
MEX,2020,0.0
MEX,2021,0.0
MEX,2022,0.0
MNG,2009,0.0
MNG,2010,0.0
MNG,2011,0.0
MNG,2012,0.0
MNG,2013,0.0
MNG,2014,0.0
MNG,2015,0.0
MNG,2016,0.0
MNG,2017,0.0
MNG,2018,0.0
MNG,2019,0.0
MNG,2020,0.0
MNG,2021,0.0
MNG,2022,0.0
NOR,2009,0.0
NOR,2010,0.0
NOR,2011,0.0
NOR,2012,0.0
NOR,2013,0.0
NOR,2014,0.0
NOR,2015,0.0
NOR,2016,0.0
NOR,2017,0.0
NOR,2018,0.0
NOR,2019,0.0
NOR,2020,0.0
NOR,2021,0.0
NOR,2022,0.0
PHL,2009,0.0
PHL,2010,0.0
PHL,2011,0.0
PHL,2012,0.0
PHL,2013,0.0
PHL,2014,0.0
PHL,2015,0.0
PHL,2016,0.0
PHL,2017,0.0
PHL,2018,0.0
PHL,2019,0.0
PHL,2020,0.0
PHL,2021,0.0
PHL,2022,0.0
PLW,2009,0.0
PLW,2010,0.0
PLW,2011,0.0
PLW,2012,0.0
PLW,2013,0.0
PLW,2014,0.0
PLW,2015,0.0
PLW,2016,0.0
PLW,2017,0.0
PLW,2018,0.0
PLW,2019,0.0
PLW,2020,0.0
PLW,2021,0.0
PLW,2022,0.0
SGP,2009,0.0
SGP,2010,0.0
SGP,2011,0.0
SGP,2012,0.0
SGP,2013,0.0
SGP,2014,0.0
SGP,2015,0.0
SGP,2016,0.0
SGP,2017,0.0
SGP,2018,0.0
SGP,2019,0.0
SGP,2020,0.0
SGP,2021,0.0
SGP,2022,0.0
SWE,2009,0.0
SWE,2010,0.0
SWE,2011,0.0
SWE,2012,0.0
SWE,2013,0.0
SWE,2014,0.0
SWE,2015,0.0
SWE,2016,0.0
SWE,2017,0.0
SWE,2018,0.0
SWE,2019,0.0
SWE,2020,0.0
SWE,2021,0.0
SWE,2022,0.0
THA,2009,0.0
THA,2010,0.0
THA,2011,0.0
THA,2012,0.0
THA,2013,0.0
THA,2014,0.0
THA,2015,0.0
THA,2016,0.0
THA,2017,0.0
THA,2018,0.0
THA,2019,0.0
THA,2020,0.0
THA,2021,0.0
THA,2022,0.0
TWN,2009,
TWN,2010,
TWN,2011,
TWN,2012,
TWN,2013,
TWN,2014,
TWN,2015,
TWN,2016,
TWN,2017,
TWN,2018,
TWN,2019,
TWN,2020,
TWN,2021,
TWN,2022,
USA,2009,0.0006332194414541129
USA,2010,0.00035969926370478305
USA,2011,0.0
USA,2012,0.0
USA,2013,0.0
USA,2014,0.0
USA,2015,0.0
USA,2016,0.0
USA,2017,0.0
USA,2018,0.0
USA,2019,0.0
USA,2020,0.0
USA,2021,0.0
USA,2022,0.0
VNM,2009,0.0
VNM,2010,0.0
VNM,2011,0.0
VNM,2012,0.0
VNM,2013,0.0
VNM,2014,0.0
VNM,2015,0.0
VNM,2016,0.0
VNM,2017,0.0
VNM,2018,0.0
VNM,2019,0.0
VNM,2020,0.0
VNM,2021,0.0
VNM,2022,0.0
ZAF,2009,0.0
ZAF,2010,0.0
ZAF,2011,0.0
ZAF,2012,0.0
ZAF,2013,0.0
ZAF,2014,0.0
ZAF,2015,0.0
ZAF,2016,0.0
ZAF,2017,0.0
ZAF,2018,0.0
ZAF,2019,0.0
ZAF,2020,0.0
ZAF,2021,0.0
ZAF,2022,0.0
