country,year,CCD
AUS,2009,0.004992760320464315
AUS,2010,0.0019090864648384687
AUS,2011,0.0041528124996519835
AUS,2012,0.004351681093113375
AUS,2013,0.001961792898615377
AUS,2014,0.0033649613311017732
AUS,2015,0.0036124976857217724
AUS,2016,0.005522943315114841
AUS,2017,0.005689146521184288
AUS,2018,0.004561581638205877
AUS,2019,0.005072068911881802
AUS,2020,0.004358587218499538
AUS,2021,0.0055870556228817874
AUS,2022,0.006097174587200768
BRA,2009,0.0038430498746536545
BRA,2010,0.006825788590917472
BRA,2011,0.005871608371334299
BRA,2012,0.008489720290836323
BRA,2013,0.01038235611435465
BRA,2014,0.008388698433611933
BRA,2015,0.006414604618875017
BRA,2016,0.009890076314480745
BRA,2017,0.007597327190367603
BRA,2018,0.007972249876290366
BRA,2019,0.009282200534139053
BRA,2020,0.010167408075075917
BRA,2021,0.008018831487928932
BRA,2022,0.007745085626125042
CAN,2009,0.004489358450471685
CAN,2010,0.002379948412237455
CAN,2011,0.007731195064137355
CAN,2012,0.007446084581274997
CAN,2013,0.0075575926183021145
CAN,2014,0.003960319547560174
CAN,2015,0.0028261772264925565
CAN,2016,0.0025244690668731174
CAN,2017,0.005793170074046654
CAN,2018,0.007179519236872304
CAN,2019,0.005631561010801444
CAN,2020,0.006014775643406457
CAN,2021,0.00725887677399906
CAN,2022,0.009106195872400559
CZE,2009,0.0018585578501787688
CZE,2010,0.003134913788945215
CZE,2011,0.0013223626017939754
CZE,2012,0.002179834316323339
CZE,2013,0.002726702936146199
CZE,2014,0.004274060558047112
CZE,2015,0.0017740395151463512
CZE,2016,0.0009981788662232255
CZE,2017,0.0034734870379191604
CZE,2018,0.0017587511418303042
CZE,2019,
CZE,2020,
CZE,2021,
CZE,2022,
DEU,2009,
DEU,2010,
DEU,2011,
DEU,2012,
DEU,2013,
DEU,2014,
DEU,2015,
DEU,2016,
DEU,2017,
DEU,2018,
DEU,2019,
DEU,2020,
DEU,2021,
DEU,2022,
IDN,2009,
IDN,2010,
IDN,2011,
IDN,2012,
IDN,2013,
IDN,2014,
IDN,2015,
IDN,2016,
IDN,2017,
IDN,2018,
IDN,2019,
IDN,2020,
IDN,2021,
IDN,2022,
IND,2009,
IND,2010,
IND,2011,
IND,2012,
IND,2013,
IND,2014,
IND,2015,
IND,2016,
IND,2017,
IND,2018,
IND,2019,
IND,2020,
IND,2021,
IND,2022,
JPN,2009,0.008752933192081522
JPN,2010,0.009322174068834455
JPN,2011,0.007658120118793895
JPN,2012,0.006081054412284091
JPN,2013,0.005214773776863079
JPN,2014,0.003828365753166098
JPN,2015,0.003660204635007877
JPN,2016,0.003948715095510407
JPN,2017,0.004416619370161446
JPN,2018,0.00423558867483685
JPN,2019,0.004243713698525574
JPN,2020,0.004079298509267665
JPN,2021,0.004215154079691764
JPN,2022,0.00581951324736239
KHM,2009,
KHM,2010,
KHM,2011,
KHM,2012,
KHM,2013,
KHM,2014,
KHM,2015,
KHM,2016,
KHM,2017,
KHM,2018,
KHM,2019,
KHM,2020,
KHM,2021,
KHM,2022,
KOR,2009,0.006696089656553184
KOR,2010,0.007376612394794547
KOR,2011,0.012867013183611923
KOR,2012,0.011195416034093408
KOR,2013,0.012246965406024705
KOR,2014,0.011933431841092274
KOR,2015,0.011514546039646339
KOR,2016,0.01230806103714267
KOR,2017,0.013151059899349008
KOR,2018,0.013779825871182278
KOR,2019,0.012484263578511278
KOR,2020,0.012237741357770896
KOR,2021,0.013623913495325176
KOR,2022,0.013729501485088799
LTU,2009,0.0
LTU,2010,0.0
LTU,2011,0.0
LTU,2012,0.0
LTU,2013,0.0
LTU,2014,0.003887703378978943
LTU,2015,0.0
LTU,2016,0.0
LTU,2017,0.0
LTU,2018,0.0
LTU,2019,0.0
LTU,2020,0.0
LTU,2021,0.0
LTU,2022,0.0
MEX,2009,
MEX,2010,
MEX,2011,
MEX,2012,
MEX,2013,
MEX,2014,
MEX,2015,
MEX,2016,
MEX,2017,
MEX,2018,
MEX,2019,
MEX,2020,
MEX,2021,
MEX,2022,
MNG,2009,
MNG,2010,
MNG,2011,
MNG,2012,
MNG,2013,
MNG,2014,
MNG,2015,
MNG,2016,
MNG,2017,
MNG,2018,
MNG,2019,
MNG,2020,
MNG,2021,
MNG,2022,
NOR,2009,
NOR,2010,
NOR,2011,
NOR,2012,
NOR,2013,
NOR,2014,
NOR,2015,
NOR,2016,
NOR,2017,
NOR,2018,
NOR,2019,
NOR,2020,
NOR,2021,
NOR,2022,
PHL,2009,
PHL,2010,
PHL,2011,
PHL,2012,
PHL,2013,
PHL,2014,
PHL,2015,
PHL,2016,
PHL,2017,
PHL,2018,
PHL,2019,
PHL,2020,
PHL,2021,
PHL,2022,
PLW,2009,
PLW,2010,
PLW,2011,
PLW,2012,
PLW,2013,
PLW,2014,
PLW,2015,
PLW,2016,
PLW,2017,
PLW,2018,
PLW,2019,
PLW,2020,
PLW,2021,
PLW,2022,
SGP,2009,
SGP,2010,
SGP,2011,
SGP,2012,
SGP,2013,
SGP,2014,
SGP,2015,
SGP,2016,
SGP,2017,
SGP,2018,
SGP,2019,
SGP,2020,
SGP,2021,
SGP,2022,
SWE,2009,
SWE,2010,
SWE,2011,
SWE,2012,
SWE,2013,
SWE,2014,
SWE,2015,
SWE,2016,
SWE,2017,
SWE,2018,
SWE,2019,
SWE,2020,
SWE,2021,
SWE,2022,
THA,2009,
THA,2010,
THA,2011,
THA,2012,
THA,2013,
THA,2014,
THA,2015,
THA,2016,
THA,2017,
THA,2018,
THA,2019,
THA,2020,
THA,2021,
THA,2022,
TWN,2009,
TWN,2010,
TWN,2011,
TWN,2012,
TWN,2013,
TWN,2014,
TWN,2015,
TWN,2016,
TWN,2017,
TWN,2018,
TWN,2019,
TWN,2020,
TWN,2021,
TWN,2022,
USA,2009,0.006647808687851561
USA,2010,0.007348203666365932
USA,2011,
USA,2012,
USA,2013,
USA,2014,
USA,2015,
USA,2016,
USA,2017,
USA,2018,
USA,2019,
USA,2020,
USA,2021,
USA,2022,
VNM,2009,
VNM,2010,
VNM,2011,
VNM,2012,
VNM,2013,
VNM,2014,
VNM,2015,
VNM,2016,
VNM,2017,
VNM,2018,
VNM,2019,
VNM,2020,
VNM,2021,
VNM,2022,
ZAF,2009,
ZAF,2010,
ZAF,2011,
ZAF,2012,
ZAF,2013,
ZAF,2014,
ZAF,2015,
ZAF,2016,
ZAF,2017,
ZAF,2018,
ZAF,2019,
ZAF,2020,
ZAF,2021,
ZAF,2022,
