country,year,electricity
ABW,2009,1.0
ABW,2010,0.934
ABW,2011,1.0
ABW,2012,1.0
ABW,2013,1.0
ABW,2014,1.0
ABW,2015,1.0
ABW,2016,1.0
ABW,2017,1.0
ABW,2018,1.0
ABW,2019,1.0
ABW,2020,1.0
ABW,2021,1.0
ABW,2022,0.9990000000000001
AFG,2009,0.483
AFG,2010,0.42700000000000005
AFG,2011,0.43200000000000005
AFG,2012,0.691
AFG,2013,0.68
AFG,2014,0.895
AFG,2015,0.715
AFG,2016,0.977
AFG,2017,0.977
AFG,2018,0.934
AFG,2019,0.977
AFG,2020,0.977
AFG,2021,0.977
AFG,2022,0.853
AGO,2009,0.33799999999999997
AGO,2010,0.35
AGO,2011,0.34600000000000003
AGO,2012,0.373
AGO,2013,0.384
AGO,2014,0.32
AGO,2015,0.42
AGO,2016,0.418
AGO,2017,0.429
AGO,2018,0.45299999999999996
AGO,2019,0.456
AGO,2020,0.47
AGO,2021,0.48200000000000004
AGO,2022,0.485
ALB,2009,0.996
ALB,2010,0.996
ALB,2011,0.997
ALB,2012,0.9990000000000001
ALB,2013,0.9990000000000001
ALB,2014,1.0
ALB,2015,1.0
ALB,2016,0.9990000000000001
ALB,2017,0.9990000000000001
ALB,2018,1.0
ALB,2019,1.0
ALB,2020,1.0
ALB,2021,1.0
ALB,2022,1.0
AND,2009,1.0
AND,2010,1.0
AND,2011,1.0
AND,2012,1.0
AND,2013,1.0
AND,2014,1.0
AND,2015,1.0
AND,2016,1.0
AND,2017,1.0
AND,2018,1.0
AND,2019,1.0
AND,2020,1.0
AND,2021,1.0
AND,2022,1.0
ARE,2009,1.0
ARE,2010,1.0
ARE,2011,1.0
ARE,2012,1.0
ARE,2013,1.0
ARE,2014,1.0
ARE,2015,1.0
ARE,2016,1.0
ARE,2017,1.0
ARE,2018,1.0
ARE,2019,1.0
ARE,2020,1.0
ARE,2021,1.0
ARE,2022,1.0
ARG,2009,0.978
ARG,2010,0.988
ARG,2011,0.99
ARG,2012,0.991
ARG,2013,0.993
ARG,2014,1.0
ARG,2015,0.997
ARG,2016,0.9990000000000001
ARG,2017,1.0
ARG,2018,1.0
ARG,2019,1.0
ARG,2020,1.0
ARG,2021,1.0
ARG,2022,1.0
ARM,2009,0.993
ARM,2010,0.998
ARM,2011,0.995
ARM,2012,0.995
ARM,2013,0.9940000000000001
ARM,2014,0.997
ARM,2015,1.0
ARM,2016,0.998
ARM,2017,0.997
ARM,2018,0.9990000000000001
ARM,2019,1.0
ARM,2020,1.0
ARM,2021,1.0
ARM,2022,1.0
ATG,2009,0.985
ATG,2010,0.987
ATG,2011,0.946
ATG,2012,1.0
ATG,2013,1.0
ATG,2014,1.0
ATG,2015,1.0
ATG,2016,1.0
ATG,2017,1.0
ATG,2018,1.0
ATG,2019,1.0
ATG,2020,1.0
ATG,2021,1.0
ATG,2022,1.0
AUS,2009,1.0
AUS,2010,1.0
AUS,2011,1.0
AUS,2012,1.0
AUS,2013,1.0
AUS,2014,1.0
AUS,2015,1.0
AUS,2016,1.0
AUS,2017,1.0
AUS,2018,1.0
AUS,2019,1.0
AUS,2020,1.0
AUS,2021,1.0
AUS,2022,1.0
AUT,2009,1.0
AUT,2010,1.0
AUT,2011,1.0
AUT,2012,1.0
AUT,2013,1.0
AUT,2014,1.0
AUT,2015,1.0
AUT,2016,1.0
AUT,2017,1.0
AUT,2018,1.0
AUT,2019,1.0
AUT,2020,1.0
AUT,2021,1.0
AUT,2022,1.0
AZE,2009,0.9990000000000001
AZE,2010,0.9990000000000001
AZE,2011,0.9990000000000001
AZE,2012,1.0
AZE,2013,1.0
AZE,2014,1.0
AZE,2015,1.0
AZE,2016,1.0
AZE,2017,1.0
AZE,2018,1.0
AZE,2019,1.0
AZE,2020,1.0
AZE,2021,1.0
AZE,2022,1.0
BDI,2009,0.054000000000000006
BDI,2010,0.053
BDI,2011,0.062
BDI,2012,0.065
BDI,2013,0.069
BDI,2014,0.07
BDI,2015,0.079
BDI,2016,0.085
BDI,2017,0.09300000000000001
BDI,2018,0.095
BDI,2019,0.098
BDI,2020,0.091
BDI,2021,0.102
BDI,2022,0.10300000000000001
BEL,2009,1.0
BEL,2010,1.0
BEL,2011,1.0
BEL,2012,1.0
BEL,2013,1.0
BEL,2014,1.0
BEL,2015,1.0
BEL,2016,1.0
BEL,2017,1.0
BEL,2018,1.0
BEL,2019,1.0
BEL,2020,1.0
BEL,2021,1.0
BEL,2022,1.0
BEN,2009,0.3
BEN,2010,0.342
BEN,2011,0.369
BEN,2012,0.384
BEN,2013,0.34700000000000003
BEN,2014,0.341
BEN,2015,0.29600000000000004
BEN,2016,0.37
BEN,2017,0.345
BEN,2018,0.39
BEN,2019,0.4
BEN,2020,0.41
BEN,2021,0.42
BEN,2022,0.565
BFA,2009,0.126
BFA,2010,0.131
BFA,2011,0.14800000000000002
BFA,2012,0.151
BFA,2013,0.154
BFA,2014,0.192
BFA,2015,0.162
BFA,2016,0.166
BFA,2017,0.17
BFA,2018,0.14400000000000002
BFA,2019,0.17600000000000002
BFA,2020,0.185
BFA,2021,0.19
BFA,2022,0.195
BGD,2009,0.5710000000000001
BGD,2010,0.5529999999999999
BGD,2011,0.596
BGD,2012,0.655
BGD,2013,0.615
BGD,2014,0.624
BGD,2015,0.74
BGD,2016,0.759
BGD,2017,0.88
BGD,2018,0.8690000000000001
BGD,2019,0.922
BGD,2020,0.9620000000000001
BGD,2021,0.99
BGD,2022,0.9940000000000001
BGR,2009,0.929
BGR,2010,0.935
BGR,2011,0.941
BGR,2012,0.9470000000000001
BGR,2013,0.953
BGR,2014,0.9590000000000001
BGR,2015,0.966
BGR,2016,0.973
BGR,2017,0.981
BGR,2018,0.987
BGR,2019,0.992
BGR,2020,0.997
BGR,2021,0.998
BGR,2022,1.0
BHR,2009,1.0
BHR,2010,1.0
BHR,2011,1.0
BHR,2012,1.0
BHR,2013,1.0
BHR,2014,1.0
BHR,2015,1.0
BHR,2016,1.0
BHR,2017,1.0
BHR,2018,1.0
BHR,2019,1.0
BHR,2020,1.0
BHR,2021,1.0
BHR,2022,1.0
BHS,2009,1.0
BHS,2010,1.0
BHS,2011,1.0
BHS,2012,1.0
BHS,2013,1.0
BHS,2014,1.0
BHS,2015,1.0
BHS,2016,1.0
BHS,2017,1.0
BHS,2018,1.0
BHS,2019,1.0
BHS,2020,1.0
BHS,2021,1.0
BHS,2022,1.0
BIH,2009,0.9940000000000001
BIH,2010,0.995
BIH,2011,0.997
BIH,2012,0.997
BIH,2013,0.995
BIH,2014,0.9990000000000001
BIH,2015,0.997
BIH,2016,1.0
BIH,2017,1.0
BIH,2018,1.0
BIH,2019,1.0
BIH,2020,1.0
BIH,2021,1.0
BIH,2022,1.0
BLR,2009,0.938
BLR,2010,0.9440000000000001
BLR,2011,0.95
BLR,2012,0.956
BLR,2013,0.9620000000000001
BLR,2014,0.968
BLR,2015,0.9740000000000001
BLR,2016,0.98
BLR,2017,0.987
BLR,2018,0.993
BLR,2019,1.0
BLR,2020,1.0
BLR,2021,1.0
BLR,2022,1.0
BLZ,2009,0.8690000000000001
BLZ,2010,0.899
BLZ,2011,0.917
BLZ,2012,0.909
BLZ,2013,0.9109999999999999
BLZ,2014,0.915
BLZ,2015,0.9179999999999999
BLZ,2016,0.9329999999999999
BLZ,2017,0.9420000000000001
BLZ,2018,0.917
BLZ,2019,0.927
BLZ,2020,0.968
BLZ,2021,0.977
BLZ,2022,0.986
BMU,2009,1.0
BMU,2010,1.0
BMU,2011,1.0
BMU,2012,1.0
BMU,2013,1.0
BMU,2014,1.0
BMU,2015,1.0
BMU,2016,1.0
BMU,2017,1.0
BMU,2018,1.0
BMU,2019,1.0
BMU,2020,1.0
BMU,2021,1.0
BMU,2022,1.0
BOL,2009,0.868
BOL,2010,0.88
BOL,2011,0.883
BOL,2012,0.904
BOL,2013,0.895
BOL,2014,0.9
BOL,2015,0.915
BOL,2016,0.9179999999999999
BOL,2017,0.9179999999999999
BOL,2018,0.9279999999999999
BOL,2019,0.951
BOL,2020,0.972
BOL,2021,0.986
BOL,2022,0.9990000000000001
BRA,2009,0.9890000000000001
BRA,2010,0.986
BRA,2011,0.993
BRA,2012,0.995
BRA,2013,0.996
BRA,2014,0.997
BRA,2015,0.997
BRA,2016,0.997
BRA,2017,0.998
BRA,2018,0.997
BRA,2019,0.998
BRA,2020,0.997
BRA,2021,0.995
BRA,2022,1.0
BRB,2009,1.0
BRB,2010,1.0
BRB,2011,1.0
BRB,2012,1.0
BRB,2013,1.0
BRB,2014,1.0
BRB,2015,1.0
BRB,2016,1.0
BRB,2017,1.0
BRB,2018,1.0
BRB,2019,1.0
BRB,2020,1.0
BRB,2021,1.0
BRB,2022,1.0
BRN,2009,1.0
BRN,2010,1.0
BRN,2011,1.0
BRN,2012,1.0
BRN,2013,1.0
BRN,2014,1.0
BRN,2015,1.0
BRN,2016,1.0
BRN,2017,1.0
BRN,2018,1.0
BRN,2019,1.0
BRN,2020,1.0
BRN,2021,1.0
BRN,2022,1.0
BTN,2009,0.715
BTN,2010,0.733
BTN,2011,0.818
BTN,2012,0.915
BTN,2013,0.8740000000000001
BTN,2014,0.914
BTN,2015,0.9540000000000001
BTN,2016,0.993
BTN,2017,0.977
BTN,2018,1.0
BTN,2019,1.0
BTN,2020,1.0
BTN,2021,1.0
BTN,2022,1.0
BWA,2009,0.434
BWA,2010,0.52
BWA,2011,0.532
BWA,2012,0.56
BWA,2013,0.58
BWA,2014,0.6
BWA,2015,0.621
BWA,2016,0.642
BWA,2017,0.674
BWA,2018,0.6829999999999999
BWA,2019,0.701
BWA,2020,0.718
BWA,2021,0.737
BWA,2022,0.759
CAF,2009,0.094
CAF,2010,0.098
CAF,2011,0.10400000000000001
CAF,2012,0.11
CAF,2013,0.115
CAF,2014,0.12
CAF,2015,0.127
CAF,2016,0.134
CAF,2017,0.141
CAF,2018,0.146
CAF,2019,0.14300000000000002
CAF,2020,0.154
CAF,2021,0.157
CAF,2022,0.157
CAN,2009,1.0
CAN,2010,1.0
CAN,2011,1.0
CAN,2012,1.0
CAN,2013,1.0
CAN,2014,1.0
CAN,2015,1.0
CAN,2016,1.0
CAN,2017,1.0
CAN,2018,1.0
CAN,2019,1.0
CAN,2020,1.0
CAN,2021,1.0
CAN,2022,1.0
CHE,2009,1.0
CHE,2010,1.0
CHE,2011,1.0
CHE,2012,1.0
CHE,2013,1.0
CHE,2014,1.0
CHE,2015,1.0
CHE,2016,1.0
CHE,2017,1.0
CHE,2018,1.0
CHE,2019,1.0
CHE,2020,1.0
CHE,2021,1.0
CHE,2022,1.0
CHL,2009,0.996
CHL,2010,0.995
CHL,2011,0.996
CHL,2012,1.0
CHL,2013,0.996
CHL,2014,1.0
CHL,2015,0.997
CHL,2016,1.0
CHL,2017,0.997
CHL,2018,1.0
CHL,2019,1.0
CHL,2020,1.0
CHL,2021,1.0
CHL,2022,1.0
CIV,2009,0.573
CIV,2010,0.584
CIV,2011,0.5579999999999999
CIV,2012,0.5579999999999999
CIV,2013,0.615
CIV,2014,0.619
CIV,2015,0.626
CIV,2016,0.643
CIV,2017,0.6559999999999999
CIV,2018,0.6709999999999999
CIV,2019,0.6859999999999999
CIV,2020,0.6990000000000001
CIV,2021,0.711
CIV,2022,0.7040000000000001
CMR,2009,0.517
CMR,2010,0.528
CMR,2011,0.537
CMR,2012,0.552
CMR,2013,0.563
CMR,2014,0.568
CMR,2015,0.586
CMR,2016,0.598
CMR,2017,0.609
CMR,2018,0.622
CMR,2019,0.632
CMR,2020,0.643
CMR,2021,0.654
CMR,2022,0.71
COD,2009,0.12300000000000001
COD,2010,0.13
COD,2011,0.13699999999999998
COD,2012,0.154
COD,2013,0.152
COD,2014,0.135
COD,2015,0.166
COD,2016,0.17300000000000001
COD,2017,0.18
COD,2018,0.187
COD,2019,0.191
COD,2020,0.201
COD,2021,0.20800000000000002
COD,2022,0.215
COG,2009,0.371
COG,2010,0.4
COG,2011,0.408
COG,2012,0.41600000000000004
COG,2013,0.425
COG,2014,0.434
COG,2015,0.44299999999999995
COG,2016,0.45299999999999996
COG,2017,0.462
COG,2018,0.47
COG,2019,0.47700000000000004
COG,2020,0.48700000000000004
COG,2021,0.49700000000000005
COG,2022,0.506
COL,2009,0.961
COL,2010,0.968
COL,2011,0.9670000000000001
COL,2012,0.97
COL,2013,0.978
COL,2014,0.978
COL,2015,0.982
COL,2016,0.9840000000000001
COL,2017,0.985
COL,2018,0.985
COL,2019,0.9940000000000001
COL,2020,0.997
COL,2021,1.0
COL,2022,1.0
COM,2009,0.601
COM,2010,0.6970000000000001
COM,2011,0.693
COM,2012,0.693
COM,2013,0.6940000000000001
COM,2014,0.718
COM,2015,0.741
COM,2016,0.764
COM,2017,0.787
COM,2018,0.81
COM,2019,0.833
COM,2020,0.856
COM,2021,0.879
COM,2022,0.899
CPV,2009,0.741
CPV,2010,0.8109999999999999
CPV,2011,0.823
CPV,2012,0.8320000000000001
CPV,2013,0.843
CPV,2014,0.853
CPV,2015,0.8640000000000001
CPV,2016,0.875
CPV,2017,0.8859999999999999
CPV,2018,0.902
CPV,2019,0.914
CPV,2020,0.937
CPV,2021,0.955
CPV,2022,0.971
CRI,2009,0.9940000000000001
CRI,2010,0.99
CRI,2011,0.992
CRI,2012,0.995
CRI,2013,0.996
CRI,2014,0.9940000000000001
CRI,2015,0.9940000000000001
CRI,2016,0.995
CRI,2017,0.996
CRI,2018,0.997
CRI,2019,0.997
CRI,2020,0.9990000000000001
CRI,2021,1.0
CRI,2022,1.0
CUB,2009,0.976
CUB,2010,0.978
CUB,2011,0.98
CUB,2012,0.983
CUB,2013,0.985
CUB,2014,0.987
CUB,2015,0.99
CUB,2016,0.992
CUB,2017,0.9940000000000001
CUB,2018,0.996
CUB,2019,0.998
CUB,2020,0.9990000000000001
CUB,2021,1.0
CUB,2022,1.0
CUW,2009,0.997
CUW,2010,1.0
CUW,2011,1.0
CUW,2012,1.0
CUW,2013,1.0
CUW,2014,1.0
CUW,2015,1.0
CUW,2016,1.0
CUW,2017,1.0
CUW,2018,1.0
CUW,2019,1.0
CUW,2020,1.0
CUW,2021,1.0
CUW,2022,1.0
CYM,2009,1.0
CYM,2010,1.0
CYM,2011,1.0
CYM,2012,1.0
CYM,2013,1.0
CYM,2014,1.0
CYM,2015,1.0
CYM,2016,1.0
CYM,2017,1.0
CYM,2018,1.0
CYM,2019,1.0
CYM,2020,1.0
CYM,2021,1.0
CYM,2022,1.0
CYP,2009,1.0
CYP,2010,1.0
CYP,2011,1.0
CYP,2012,1.0
CYP,2013,1.0
CYP,2014,1.0
CYP,2015,1.0
CYP,2016,1.0
CYP,2017,1.0
CYP,2018,1.0
CYP,2019,1.0
CYP,2020,1.0
CYP,2021,1.0
CYP,2022,1.0
CZE,2009,1.0
CZE,2010,1.0
CZE,2011,1.0
CZE,2012,1.0
CZE,2013,1.0
CZE,2014,1.0
CZE,2015,1.0
CZE,2016,1.0
CZE,2017,1.0
CZE,2018,1.0
CZE,2019,1.0
CZE,2020,1.0
CZE,2021,1.0
CZE,2022,1.0
DEU,2009,1.0
DEU,2010,1.0
DEU,2011,1.0
DEU,2012,1.0
DEU,2013,1.0
DEU,2014,1.0
DEU,2015,1.0
DEU,2016,1.0
DEU,2017,1.0
DEU,2018,1.0
DEU,2019,1.0
DEU,2020,1.0
DEU,2021,1.0
DEU,2022,1.0
DJI,2009,0.5760000000000001
DJI,2010,0.579
DJI,2011,0.581
DJI,2012,0.546
DJI,2013,0.586
DJI,2014,0.589
DJI,2015,0.591
DJI,2016,0.598
DJI,2017,0.602
DJI,2018,0.624
DJI,2019,0.647
DJI,2020,0.645
DJI,2021,0.654
DJI,2022,0.65
DMA,2009,0.902
DMA,2010,0.9129999999999999
DMA,2011,0.9009999999999999
DMA,2012,0.935
DMA,2013,0.946
DMA,2014,0.9570000000000001
DMA,2015,0.9670000000000001
DMA,2016,0.978
DMA,2017,0.9890000000000001
DMA,2018,0.996
DMA,2019,0.9990000000000001
DMA,2020,1.0
DMA,2021,1.0
DMA,2022,1.0
DNK,2009,1.0
DNK,2010,1.0
DNK,2011,1.0
DNK,2012,1.0
DNK,2013,1.0
DNK,2014,1.0
DNK,2015,1.0
DNK,2016,1.0
DNK,2017,1.0
DNK,2018,1.0
DNK,2019,1.0
DNK,2020,1.0
DNK,2021,1.0
DNK,2022,1.0
DOM,2009,0.9790000000000001
DOM,2010,0.981
DOM,2011,0.9790000000000001
DOM,2012,0.9790000000000001
DOM,2013,0.9840000000000001
DOM,2014,0.985
DOM,2015,0.986
DOM,2016,0.9890000000000001
DOM,2017,1.0
DOM,2018,0.9890000000000001
DOM,2019,0.99
DOM,2020,1.0
DOM,2021,0.981
DOM,2022,0.981
DZA,2009,0.988
DZA,2010,0.9890000000000001
DZA,2011,0.99
DZA,2012,0.988
DZA,2013,0.992
DZA,2014,0.993
DZA,2015,0.9940000000000001
DZA,2016,0.9940000000000001
DZA,2017,0.995
DZA,2018,0.996
DZA,2019,0.995
DZA,2020,0.997
DZA,2021,0.998
DZA,2022,1.0
ECU,2009,0.965
ECU,2010,0.975
ECU,2011,0.9690000000000001
ECU,2012,0.972
ECU,2013,0.98
ECU,2014,0.99
ECU,2015,0.988
ECU,2016,0.987
ECU,2017,0.992
ECU,2018,0.987
ECU,2019,0.991
ECU,2020,0.988
ECU,2021,1.0
ECU,2022,1.0
EGY,2009,0.9890000000000001
EGY,2010,0.9940000000000001
EGY,2011,0.9940000000000001
EGY,2012,0.997
EGY,2013,0.9990000000000001
EGY,2014,0.998
EGY,2015,0.993
EGY,2016,1.0
EGY,2017,1.0
EGY,2018,1.0
EGY,2019,1.0
EGY,2020,1.0
EGY,2021,1.0
EGY,2022,1.0
ERI,2009,0.389
ERI,2010,0.401
ERI,2011,0.41200000000000003
ERI,2012,0.423
ERI,2013,0.435
ERI,2014,0.446
ERI,2015,0.45799999999999996
ERI,2016,0.469
ERI,2017,0.48
ERI,2018,0.491
ERI,2019,0.503
ERI,2020,0.514
ERI,2021,0.525
ERI,2022,0.5539999999999999
ESP,2009,1.0
ESP,2010,1.0
ESP,2011,1.0
ESP,2012,1.0
ESP,2013,1.0
ESP,2014,1.0
ESP,2015,1.0
ESP,2016,1.0
ESP,2017,1.0
ESP,2018,1.0
ESP,2019,1.0
ESP,2020,1.0
ESP,2021,1.0
ESP,2022,1.0
EST,2009,1.0
EST,2010,1.0
EST,2011,1.0
EST,2012,1.0
EST,2013,1.0
EST,2014,1.0
EST,2015,1.0
EST,2016,1.0
EST,2017,1.0
EST,2018,1.0
EST,2019,1.0
EST,2020,1.0
EST,2021,1.0
EST,2022,1.0
ETH,2009,0.237
ETH,2010,0.255
ETH,2011,0.23
ETH,2012,0.29
ETH,2013,0.308
ETH,2014,0.272
ETH,2015,0.29
ETH,2016,0.429
ETH,2017,0.44299999999999995
ETH,2018,0.44799999999999995
ETH,2019,0.48
ETH,2020,0.511
ETH,2021,0.542
ETH,2022,0.55
FIN,2009,1.0
FIN,2010,1.0
FIN,2011,1.0
FIN,2012,1.0
FIN,2013,1.0
FIN,2014,1.0
FIN,2015,1.0
FIN,2016,1.0
FIN,2017,1.0
FIN,2018,1.0
FIN,2019,1.0
FIN,2020,1.0
FIN,2021,1.0
FIN,2022,1.0
FJI,2009,0.856
FJI,2010,0.924
FJI,2011,0.925
FJI,2012,0.9259999999999999
FJI,2013,0.9179999999999999
FJI,2014,0.93
FJI,2015,0.932
FJI,2016,0.934
FJI,2017,0.96
FJI,2018,0.951
FJI,2019,0.961
FJI,2020,0.971
FJI,2021,0.9209999999999999
FJI,2022,0.92
FRA,2009,1.0
FRA,2010,1.0
FRA,2011,1.0
FRA,2012,1.0
FRA,2013,1.0
FRA,2014,1.0
FRA,2015,1.0
FRA,2016,1.0
FRA,2017,1.0
FRA,2018,1.0
FRA,2019,1.0
FRA,2020,1.0
FRA,2021,1.0
FRA,2022,1.0
FRO,2009,1.0
FRO,2010,1.0
FRO,2011,1.0
FRO,2012,1.0
FRO,2013,1.0
FRO,2014,1.0
FRO,2015,1.0
FRO,2016,1.0
FRO,2017,1.0
FRO,2018,1.0
FRO,2019,1.0
FRO,2020,1.0
FRO,2021,1.0
FRO,2022,1.0
FSM,2009,0.622
FSM,2010,0.645
FSM,2011,0.6629999999999999
FSM,2012,0.6779999999999999
FSM,2013,0.6940000000000001
FSM,2014,0.7120000000000001
FSM,2015,0.73
FSM,2016,0.748
FSM,2017,0.765
FSM,2018,0.7829999999999999
FSM,2019,0.8009999999999999
FSM,2020,0.8190000000000001
FSM,2021,0.836
FSM,2022,0.853
GAB,2009,0.8270000000000001
GAB,2010,0.893
GAB,2011,0.887
GAB,2012,0.893
GAB,2013,0.8640000000000001
GAB,2014,0.871
GAB,2015,0.873
GAB,2016,0.8809999999999999
GAB,2017,0.863
GAB,2018,0.8959999999999999
GAB,2019,0.903
GAB,2020,0.9109999999999999
GAB,2021,0.9179999999999999
GAB,2022,0.935
GBR,2009,1.0
GBR,2010,1.0
GBR,2011,1.0
GBR,2012,1.0
GBR,2013,1.0
GBR,2014,1.0
GBR,2015,1.0
GBR,2016,1.0
GBR,2017,1.0
GBR,2018,1.0
GBR,2019,1.0
GBR,2020,1.0
GBR,2021,1.0
GBR,2022,1.0
GEO,2009,1.0
GEO,2010,1.0
GEO,2011,1.0
GEO,2012,1.0
GEO,2013,1.0
GEO,2014,1.0
GEO,2015,1.0
GEO,2016,1.0
GEO,2017,1.0
GEO,2018,0.9990000000000001
GEO,2019,1.0
GEO,2020,1.0
GEO,2021,1.0
GEO,2022,1.0
GHA,2009,0.611
GHA,2010,0.642
GHA,2011,0.6409999999999999
GHA,2012,0.565
GHA,2013,0.7070000000000001
GHA,2014,0.7829999999999999
GHA,2015,0.74
GHA,2016,0.7929999999999999
GHA,2017,0.79
GHA,2018,0.804
GHA,2019,0.835
GHA,2020,0.8540000000000001
GHA,2021,0.863
GHA,2022,0.851
GIN,2009,0.267
GIN,2010,0.281
GIN,2011,0.295
GIN,2012,0.262
GIN,2013,0.322
GIN,2014,0.335
GIN,2015,0.349
GIN,2016,0.335
GIN,2017,0.354
GIN,2018,0.45
GIN,2019,0.42200000000000004
GIN,2020,0.447
GIN,2021,0.46799999999999997
GIN,2022,0.47700000000000004
GMB,2009,0.43200000000000005
GMB,2010,0.46799999999999997
GMB,2011,0.483
GMB,2012,0.499
GMB,2013,0.515
GMB,2014,0.53
GMB,2015,0.547
GMB,2016,0.564
GMB,2017,0.562
GMB,2018,0.603
GMB,2019,0.621
GMB,2020,0.622
GMB,2021,0.637
GMB,2022,0.654
GNB,2009,0.047
GNB,2010,0.06
GNB,2011,0.135
GNB,2012,0.149
GNB,2013,0.163
GNB,2014,0.172
GNB,2015,0.201
GNB,2016,0.22899999999999998
GNB,2017,0.26
GNB,2018,0.284
GNB,2019,0.309
GNB,2020,0.33399999999999996
GNB,2021,0.358
GNB,2022,0.374
GNQ,2009,0.654
GNQ,2010,0.6609999999999999
GNQ,2011,0.6609999999999999
GNQ,2012,0.657
GNQ,2013,0.659
GNQ,2014,0.66
GNQ,2015,0.6609999999999999
GNQ,2016,0.662
GNQ,2017,0.664
GNQ,2018,0.665
GNQ,2019,0.6659999999999999
GNQ,2020,0.667
GNQ,2021,0.6679999999999999
GNQ,2022,0.67
GRC,2009,1.0
GRC,2010,1.0
GRC,2011,1.0
GRC,2012,1.0
GRC,2013,1.0
GRC,2014,1.0
GRC,2015,1.0
GRC,2016,1.0
GRC,2017,1.0
GRC,2018,1.0
GRC,2019,1.0
GRC,2020,1.0
GRC,2021,1.0
GRC,2022,1.0
GRD,2009,0.89
GRD,2010,0.894
GRD,2011,0.888
GRD,2012,0.902
GRD,2013,0.9059999999999999
GRD,2014,0.91
GRD,2015,0.914
GRD,2016,0.9179999999999999
GRD,2017,0.922
GRD,2018,0.9229999999999999
GRD,2019,0.93
GRD,2020,0.934
GRD,2021,0.937
GRD,2022,0.9420000000000001
GRL,2009,1.0
GRL,2010,1.0
GRL,2011,1.0
GRL,2012,1.0
GRL,2013,1.0
GRL,2014,1.0
GRL,2015,1.0
GRL,2016,1.0
GRL,2017,1.0
GRL,2018,1.0
GRL,2019,1.0
GRL,2020,1.0
GRL,2021,1.0
GRL,2022,1.0
GTM,2009,0.831
GTM,2010,0.843
GTM,2011,0.84
GTM,2012,0.868
GTM,2013,0.8809999999999999
GTM,2014,0.855
GTM,2015,0.905
GTM,2016,0.9179999999999999
GTM,2017,0.9329999999999999
GTM,2018,0.9420000000000001
GTM,2019,0.9540000000000001
GTM,2020,0.966
GTM,2021,0.9790000000000001
GTM,2022,0.991
GUM,2009,1.0
GUM,2010,1.0
GUM,2011,1.0
GUM,2012,1.0
GUM,2013,1.0
GUM,2014,1.0
GUM,2015,1.0
GUM,2016,1.0
GUM,2017,1.0
GUM,2018,1.0
GUM,2019,1.0
GUM,2020,1.0
GUM,2021,1.0
GUM,2022,1.0
GUY,2009,0.7759999999999999
GUY,2010,0.833
GUY,2011,0.8420000000000001
GUY,2012,0.851
GUY,2013,0.86
GUY,2014,0.8690000000000001
GUY,2015,0.88
GUY,2016,0.89
GUY,2017,0.9
GUY,2018,0.909
GUY,2019,0.9159999999999999
GUY,2020,0.9229999999999999
GUY,2021,0.929
GUY,2022,0.93
HND,2009,0.7829999999999999
HND,2010,0.81
HND,2011,0.8220000000000001
HND,2012,0.836
HND,2013,0.872
HND,2014,0.887
HND,2015,0.9
HND,2016,0.9159999999999999
HND,2017,0.865
HND,2018,0.9159999999999999
HND,2019,0.9109999999999999
HND,2020,0.9309999999999999
HND,2021,0.941
HND,2022,0.9440000000000001
HRV,2009,1.0
HRV,2010,1.0
HRV,2011,1.0
HRV,2012,1.0
HRV,2013,1.0
HRV,2014,1.0
HRV,2015,1.0
HRV,2016,1.0
HRV,2017,1.0
HRV,2018,1.0
HRV,2019,1.0
HRV,2020,1.0
HRV,2021,1.0
HRV,2022,1.0
HTI,2009,0.366
HTI,2010,0.37200000000000005
HTI,2011,0.37799999999999995
HTI,2012,0.379
HTI,2013,0.389
HTI,2014,0.396
HTI,2015,0.408
HTI,2016,0.40399999999999997
HTI,2017,0.433
HTI,2018,0.444
HTI,2019,0.45399999999999996
HTI,2020,0.46299999999999997
HTI,2021,0.47200000000000003
HTI,2022,0.493
HUN,2009,1.0
HUN,2010,1.0
HUN,2011,1.0
HUN,2012,1.0
HUN,2013,1.0
HUN,2014,1.0
HUN,2015,1.0
HUN,2016,1.0
HUN,2017,1.0
HUN,2018,1.0
HUN,2019,1.0
HUN,2020,1.0
HUN,2021,1.0
HUN,2022,1.0
IDN,2009,0.9359999999999999
IDN,2010,0.9420000000000001
IDN,2011,0.948
IDN,2012,0.96
IDN,2013,0.965
IDN,2014,0.97
IDN,2015,0.975
IDN,2016,0.976
IDN,2017,0.981
IDN,2018,0.985
IDN,2019,0.988
IDN,2020,0.97
IDN,2021,0.992
IDN,2022,1.0
IMN,2009,1.0
IMN,2010,1.0
IMN,2011,1.0
IMN,2012,1.0
IMN,2013,1.0
IMN,2014,1.0
IMN,2015,1.0
IMN,2016,1.0
IMN,2017,1.0
IMN,2018,1.0
IMN,2019,1.0
IMN,2020,1.0
IMN,2021,1.0
IMN,2022,1.0
IND,2009,0.75
IND,2010,0.763
IND,2011,0.795
IND,2012,0.799
IND,2013,0.831
IND,2014,0.851
IND,2015,0.88
IND,2016,0.8959999999999999
IND,2017,0.9179999999999999
IND,2018,0.9570000000000001
IND,2019,0.9590000000000001
IND,2020,0.965
IND,2021,0.996
IND,2022,0.992
IRL,2009,1.0
IRL,2010,1.0
IRL,2011,1.0
IRL,2012,1.0
IRL,2013,1.0
IRL,2014,1.0
IRL,2015,1.0
IRL,2016,1.0
IRL,2017,1.0
IRL,2018,1.0
IRL,2019,1.0
IRL,2020,1.0
IRL,2021,1.0
IRL,2022,1.0
IRN,2009,0.997
IRN,2010,0.9940000000000001
IRN,2011,0.995
IRN,2012,0.995
IRN,2013,0.998
IRN,2014,1.0
IRN,2015,1.0
IRN,2016,1.0
IRN,2017,0.9990000000000001
IRN,2018,1.0
IRN,2019,1.0
IRN,2020,1.0
IRN,2021,1.0
IRN,2022,1.0
IRQ,2009,0.981
IRQ,2010,0.9840000000000001
IRQ,2011,0.98
IRQ,2012,0.993
IRQ,2013,0.99
IRQ,2014,0.992
IRQ,2015,0.9940000000000001
IRQ,2016,0.997
IRQ,2017,0.9990000000000001
IRQ,2018,0.9990000000000001
IRQ,2019,1.0
IRQ,2020,1.0
IRQ,2021,1.0
IRQ,2022,1.0
ISL,2009,1.0
ISL,2010,1.0
ISL,2011,1.0
ISL,2012,1.0
ISL,2013,1.0
ISL,2014,1.0
ISL,2015,1.0
ISL,2016,1.0
ISL,2017,1.0
ISL,2018,1.0
ISL,2019,1.0
ISL,2020,1.0
ISL,2021,1.0
ISL,2022,1.0
ISR,2009,
ISR,2010,
ISR,2011,
ISR,2012,
ISR,2013,
ISR,2014,
ISR,2015,
ISR,2016,
ISR,2017,
ISR,2018,
ISR,2019,
ISR,2020,
ISR,2021,
ISR,2022,
ITA,2009,1.0
ITA,2010,1.0
ITA,2011,1.0
ITA,2012,1.0
ITA,2013,1.0
ITA,2014,1.0
ITA,2015,1.0
ITA,2016,1.0
ITA,2017,1.0
ITA,2018,1.0
ITA,2019,1.0
ITA,2020,1.0
ITA,2021,1.0
ITA,2022,1.0
JAM,2009,0.91
JAM,2010,0.922
JAM,2011,0.9109999999999999
JAM,2012,0.9309999999999999
JAM,2013,0.9390000000000001
JAM,2014,0.9329999999999999
JAM,2015,0.9490000000000001
JAM,2016,0.966
JAM,2017,0.9740000000000001
JAM,2018,0.982
JAM,2019,0.9890000000000001
JAM,2020,0.997
JAM,2021,1.0
JAM,2022,1.0
JOR,2009,0.9940000000000001
JOR,2010,1.0
JOR,2011,0.996
JOR,2012,0.995
JOR,2013,0.997
JOR,2014,0.998
JOR,2015,0.9990000000000001
JOR,2016,1.0
JOR,2017,1.0
JOR,2018,0.9990000000000001
JOR,2019,0.9990000000000001
JOR,2020,0.9990000000000001
JOR,2021,0.9990000000000001
JOR,2022,1.0
JPN,2009,1.0
JPN,2010,1.0
JPN,2011,1.0
JPN,2012,1.0
JPN,2013,1.0
JPN,2014,1.0
JPN,2015,1.0
JPN,2016,1.0
JPN,2017,1.0
JPN,2018,1.0
JPN,2019,1.0
JPN,2020,1.0
JPN,2021,1.0
JPN,2022,1.0
KAZ,2009,1.0
KAZ,2010,1.0
KAZ,2011,0.998
KAZ,2012,1.0
KAZ,2013,1.0
KAZ,2014,1.0
KAZ,2015,1.0
KAZ,2016,1.0
KAZ,2017,1.0
KAZ,2018,1.0
KAZ,2019,1.0
KAZ,2020,1.0
KAZ,2021,1.0
KAZ,2022,1.0
KEN,2009,0.23
KEN,2010,0.192
KEN,2011,0.36200000000000004
KEN,2012,0.381
KEN,2013,0.401
KEN,2014,0.36
KEN,2015,0.41600000000000004
KEN,2016,0.531
KEN,2017,0.5579999999999999
KEN,2018,0.612
KEN,2019,0.6970000000000001
KEN,2020,0.715
KEN,2021,0.765
KEN,2022,0.76
KGZ,2009,0.995
KGZ,2010,0.99
KGZ,2011,0.983
KGZ,2012,0.998
KGZ,2013,0.9890000000000001
KGZ,2014,0.998
KGZ,2015,0.987
KGZ,2016,0.997
KGZ,2017,1.0
KGZ,2018,1.0
KGZ,2019,0.9990000000000001
KGZ,2020,0.9990000000000001
KGZ,2021,0.997
KGZ,2022,0.997
KHM,2009,0.256
KHM,2010,0.311
KHM,2011,0.374
KHM,2012,0.423
KHM,2013,0.509
KHM,2014,0.561
KHM,2015,0.627
KHM,2016,0.688
KHM,2017,0.8909999999999999
KHM,2018,0.807
KHM,2019,0.84
KHM,2020,0.8640000000000001
KHM,2021,0.825
KHM,2022,0.9229999999999999
KIR,2009,0.642
KIR,2010,0.632
KIR,2011,0.7490000000000001
KIR,2012,0.767
KIR,2013,0.7879999999999999
KIR,2014,0.8340000000000001
KIR,2015,0.9059999999999999
KIR,2016,0.9259999999999999
KIR,2017,0.857
KIR,2018,0.875
KIR,2019,0.893
KIR,2020,0.91
KIR,2021,0.9279999999999999
KIR,2022,0.9440000000000001
KNA,2009,0.976
KNA,2010,0.998
KNA,2011,1.0
KNA,2012,1.0
KNA,2013,1.0
KNA,2014,1.0
KNA,2015,1.0
KNA,2016,1.0
KNA,2017,1.0
KNA,2018,1.0
KNA,2019,1.0
KNA,2020,1.0
KNA,2021,1.0
KNA,2022,1.0
KOR,2009,1.0
KOR,2010,1.0
KOR,2011,1.0
KOR,2012,1.0
KOR,2013,1.0
KOR,2014,1.0
KOR,2015,1.0
KOR,2016,1.0
KOR,2017,1.0
KOR,2018,1.0
KOR,2019,1.0
KOR,2020,1.0
KOR,2021,1.0
KOR,2022,1.0
KWT,2009,1.0
KWT,2010,1.0
KWT,2011,1.0
KWT,2012,1.0
KWT,2013,1.0
KWT,2014,1.0
KWT,2015,1.0
KWT,2016,1.0
KWT,2017,1.0
KWT,2018,1.0
KWT,2019,1.0
KWT,2020,1.0
KWT,2021,1.0
KWT,2022,1.0
LAO,2009,0.674
LAO,2010,0.7020000000000001
LAO,2011,0.7
LAO,2012,0.764
LAO,2013,0.7929999999999999
LAO,2014,0.825
LAO,2015,0.897
LAO,2016,0.89
LAO,2017,0.9359999999999999
LAO,2018,0.929
LAO,2019,0.9840000000000001
LAO,2020,0.993
LAO,2021,1.0
LAO,2022,1.0
LBN,2009,0.993
LBN,2010,0.995
LBN,2011,0.997
LBN,2012,0.995
LBN,2013,0.996
LBN,2014,0.997
LBN,2015,0.997
LBN,2016,0.998
LBN,2017,0.9990000000000001
LBN,2018,0.997
LBN,2019,1.0
LBN,2020,1.0
LBN,2021,1.0
LBN,2022,1.0
LBR,2009,0.019
LBR,2010,0.053
LBR,2011,0.040999999999999995
LBR,2012,0.09300000000000001
LBR,2013,0.098
LBR,2014,0.094
LBR,2015,0.152
LBR,2016,0.177
LBR,2017,0.242
LBR,2018,0.228
LBR,2019,0.231
LBR,2020,0.276
LBR,2021,0.298
LBR,2022,0.318
LBY,2009,0.835
LBY,2010,0.8190000000000001
LBY,2011,0.8029999999999999
LBY,2012,0.787
LBY,2013,0.7709999999999999
LBY,2014,0.755
LBY,2015,0.738
LBY,2016,0.722
LBY,2017,0.706
LBY,2018,0.67
LBY,2019,0.685
LBY,2020,0.6940000000000001
LBY,2021,0.7020000000000001
LBY,2022,0.7
LCA,2009,0.935
LCA,2010,0.9420000000000001
LCA,2011,0.9540000000000001
LCA,2012,0.953
LCA,2013,0.972
LCA,2014,0.981
LCA,2015,0.99
LCA,2016,0.998
LCA,2017,0.9990000000000001
LCA,2018,1.0
LCA,2019,1.0
LCA,2020,1.0
LCA,2021,1.0
LCA,2022,1.0
LIE,2009,1.0
LIE,2010,1.0
LIE,2011,1.0
LIE,2012,1.0
LIE,2013,1.0
LIE,2014,1.0
LIE,2015,1.0
LIE,2016,1.0
LIE,2017,1.0
LIE,2018,1.0
LIE,2019,1.0
LIE,2020,1.0
LIE,2021,1.0
LIE,2022,1.0
LKA,2009,0.871
LKA,2010,0.853
LKA,2011,0.878
LKA,2012,0.87
LKA,2013,0.902
LKA,2014,0.927
LKA,2015,0.943
LKA,2016,0.975
LKA,2017,0.975
LKA,2018,0.996
LKA,2019,0.998
LKA,2020,1.0
LKA,2021,1.0
LKA,2022,1.0
LSO,2009,0.17
LSO,2010,0.17
LSO,2011,0.225
LSO,2012,0.20600000000000002
LSO,2013,0.26899999999999996
LSO,2014,0.278
LSO,2015,0.318
LSO,2016,0.35100000000000003
LSO,2017,0.337
LSO,2018,0.47
LSO,2019,0.446
LSO,2020,0.475
LSO,2021,0.504
LSO,2022,0.5
LTU,2009,0.995
LTU,2010,0.997
LTU,2011,0.997
LTU,2012,1.0
LTU,2013,1.0
LTU,2014,1.0
LTU,2015,1.0
LTU,2016,1.0
LTU,2017,1.0
LTU,2018,1.0
LTU,2019,1.0
LTU,2020,1.0
LTU,2021,1.0
LTU,2022,1.0
LUX,2009,1.0
LUX,2010,1.0
LUX,2011,1.0
LUX,2012,1.0
LUX,2013,1.0
LUX,2014,1.0
LUX,2015,1.0
LUX,2016,1.0
LUX,2017,1.0
LUX,2018,1.0
LUX,2019,1.0
LUX,2020,1.0
LUX,2021,1.0
LUX,2022,1.0
LVA,2009,1.0
LVA,2010,0.998
LVA,2011,0.998
LVA,2012,1.0
LVA,2013,1.0
LVA,2014,1.0
LVA,2015,1.0
LVA,2016,1.0
LVA,2017,1.0
LVA,2018,1.0
LVA,2019,1.0
LVA,2020,1.0
LVA,2021,1.0
LVA,2022,1.0
MAR,2009,0.8590000000000001
MAR,2010,0.9570000000000001
MAR,2011,0.961
MAR,2012,0.9640000000000001
MAR,2013,0.972
MAR,2014,0.973
MAR,2015,0.973
MAR,2016,0.978
MAR,2017,1.0
MAR,2018,0.981
MAR,2019,0.996
MAR,2020,1.0
MAR,2021,1.0
MAR,2022,1.0
MCO,2009,1.0
MCO,2010,1.0
MCO,2011,1.0
MCO,2012,1.0
MCO,2013,1.0
MCO,2014,1.0
MCO,2015,1.0
MCO,2016,1.0
MCO,2017,1.0
MCO,2018,1.0
MCO,2019,1.0
MCO,2020,1.0
MCO,2021,1.0
MCO,2022,1.0
MDA,2009,0.992
MDA,2010,0.993
MDA,2011,0.9940000000000001
MDA,2012,0.995
MDA,2013,0.996
MDA,2014,0.998
MDA,2015,0.9990000000000001
MDA,2016,0.9990000000000001
MDA,2017,1.0
MDA,2018,1.0
MDA,2019,1.0
MDA,2020,1.0
MDA,2021,1.0
MDA,2022,1.0
MDG,2009,0.174
MDG,2010,0.12300000000000001
MDG,2011,0.14300000000000002
MDG,2012,0.187
MDG,2013,0.129
MDG,2014,0.23
MDG,2015,0.23800000000000002
MDG,2016,0.22899999999999998
MDG,2017,0.24100000000000002
MDG,2018,0.365
MDG,2019,0.31
MDG,2020,0.32
MDG,2021,0.35100000000000003
MDG,2022,0.361
MDV,2009,0.9990000000000001
MDV,2010,0.99
MDV,2011,0.991
MDV,2012,0.992
MDV,2013,0.9940000000000001
MDV,2014,1.0
MDV,2015,0.998
MDV,2016,1.0
MDV,2017,0.998
MDV,2018,1.0
MDV,2019,1.0
MDV,2020,1.0
MDV,2021,1.0
MDV,2022,1.0
MEX,2009,0.983
MEX,2010,0.992
MEX,2011,0.99
MEX,2012,0.991
MEX,2013,0.991
MEX,2014,0.992
MEX,2015,0.99
MEX,2016,0.995
MEX,2017,1.0
MEX,2018,0.995
MEX,2019,0.996
MEX,2020,0.9940000000000001
MEX,2021,1.0
MEX,2022,1.0
MHL,2009,0.8170000000000001
MHL,2010,0.894
MHL,2011,0.899
MHL,2012,0.904
MHL,2013,0.909
MHL,2014,0.915
MHL,2015,0.9209999999999999
MHL,2016,0.927
MHL,2017,0.938
MHL,2018,0.953
MHL,2019,0.968
MHL,2020,0.983
MHL,2021,0.998
MHL,2022,1.0
MKD,2009,0.992
MKD,2010,0.995
MKD,2011,0.997
MKD,2012,0.996
MKD,2013,0.997
MKD,2014,0.998
MKD,2015,0.9990000000000001
MKD,2016,1.0
MKD,2017,1.0
MKD,2018,0.998
MKD,2019,1.0
MKD,2020,1.0
MKD,2021,1.0
MKD,2022,1.0
MLI,2009,0.24
MLI,2010,0.27
MLI,2011,0.28800000000000003
MLI,2012,0.256
MLI,2013,0.324
MLI,2014,0.342
MLI,2015,0.376
MLI,2016,0.38799999999999996
MLI,2017,0.348
MLI,2018,0.509
MLI,2019,0.479
MLI,2020,0.506
MLI,2021,0.534
MLI,2022,0.53
MLT,2009,1.0
MLT,2010,1.0
MLT,2011,1.0
MLT,2012,1.0
MLT,2013,1.0
MLT,2014,1.0
MLT,2015,1.0
MLT,2016,1.0
MLT,2017,1.0
MLT,2018,1.0
MLT,2019,1.0
MLT,2020,1.0
MLT,2021,1.0
MLT,2022,1.0
MMR,2009,0.518
MMR,2010,0.488
MMR,2011,0.541
MMR,2012,0.5529999999999999
MMR,2013,0.565
MMR,2014,0.52
MMR,2015,0.605
MMR,2016,0.556
MMR,2017,0.698
MMR,2018,0.6609999999999999
MMR,2019,0.6829999999999999
MMR,2020,0.7040000000000001
MMR,2021,0.725
MMR,2022,0.737
MNE,2009,0.991
MNE,2010,0.992
MNE,2011,0.99
MNE,2012,0.993
MNE,2013,0.997
MNE,2014,0.977
MNE,2015,0.995
MNE,2016,0.996
MNE,2017,1.0
MNE,2018,1.0
MNE,2019,1.0
MNE,2020,0.9990000000000001
MNE,2021,0.998
MNE,2022,1.0
MNG,2009,0.8029999999999999
MNG,2010,0.785
MNG,2011,0.721
MNG,2012,0.8370000000000001
MNG,2013,0.812
MNG,2014,0.86
MNG,2015,0.88
MNG,2016,0.9079999999999999
MNG,2017,0.9359999999999999
MNG,2018,0.981
MNG,2019,0.9890000000000001
MNG,2020,0.995
MNG,2021,1.0
MNG,2022,1.0
MOZ,2009,0.15
MOZ,2010,0.18899999999999997
MOZ,2011,0.20199999999999999
MOZ,2012,0.212
MOZ,2013,0.22399999999999998
MOZ,2014,0.248
MOZ,2015,0.24
MOZ,2016,0.262
MOZ,2017,0.243
MOZ,2018,0.311
MOZ,2019,0.297
MOZ,2020,0.306
MOZ,2021,0.315
MOZ,2022,0.332
MRT,2009,0.311
MRT,2010,0.342
MRT,2011,0.353
MRT,2012,0.364
MRT,2013,0.376
MRT,2014,0.38799999999999996
MRT,2015,0.395
MRT,2016,0.41200000000000003
MRT,2017,0.429
MRT,2018,0.436
MRT,2019,0.449
MRT,2020,0.45399999999999996
MRT,2021,0.47700000000000004
MRT,2022,0.49
MUS,2009,0.99
MUS,2010,0.9940000000000001
MUS,2011,0.996
MUS,2012,0.9940000000000001
MUS,2013,0.9940000000000001
MUS,2014,0.995
MUS,2015,0.996
MUS,2016,0.997
MUS,2017,0.996
MUS,2018,0.998
MUS,2019,1.0
MUS,2020,0.995
MUS,2021,0.996
MUS,2022,1.0
MWI,2009,0.083
MWI,2010,0.087
MWI,2011,0.076
MWI,2012,0.07400000000000001
MWI,2013,0.09
MWI,2014,0.11900000000000001
MWI,2015,0.10800000000000001
MWI,2016,0.11
MWI,2017,0.127
MWI,2018,0.18
MWI,2019,0.11199999999999999
MWI,2020,0.115
MWI,2021,0.142
MWI,2022,0.14
MYS,2009,0.993
MYS,2010,0.995
MYS,2011,0.995
MYS,2012,0.998
MYS,2013,0.996
MYS,2014,0.997
MYS,2015,0.9990000000000001
MYS,2016,0.9990000000000001
MYS,2017,1.0
MYS,2018,1.0
MYS,2019,1.0
MYS,2020,1.0
MYS,2021,1.0
MYS,2022,1.0
NAM,2009,0.441
NAM,2010,0.444
NAM,2011,0.423
NAM,2012,0.46399999999999997
NAM,2013,0.474
NAM,2014,0.484
NAM,2015,0.516
NAM,2016,0.49700000000000005
NAM,2017,0.525
NAM,2018,0.523
NAM,2019,0.5329999999999999
NAM,2020,0.523
NAM,2021,0.552
NAM,2022,0.562
NCL,2009,1.0
NCL,2010,1.0
NCL,2011,1.0
NCL,2012,1.0
NCL,2013,1.0
NCL,2014,1.0
NCL,2015,1.0
NCL,2016,1.0
NCL,2017,1.0
NCL,2018,1.0
NCL,2019,1.0
NCL,2020,1.0
NCL,2021,1.0
NCL,2022,1.0
NER,2009,0.12300000000000001
NER,2010,0.136
NER,2011,0.14300000000000002
NER,2012,0.14400000000000002
NER,2013,0.152
NER,2014,0.157
NER,2015,0.166
NER,2016,0.17
NER,2017,0.17600000000000002
NER,2018,0.17600000000000002
NER,2019,0.185
NER,2020,0.187
NER,2021,0.18600000000000003
NER,2022,0.195
NGA,2009,0.5
NGA,2010,0.48
NGA,2011,0.5589999999999999
NGA,2012,0.53
NGA,2013,0.556
NGA,2014,0.542
NGA,2015,0.525
NGA,2016,0.593
NGA,2017,0.544
NGA,2018,0.565
NGA,2019,0.5539999999999999
NGA,2020,0.5539999999999999
NGA,2021,0.595
NGA,2022,0.605
NIC,2009,0.779
NIC,2010,0.8009999999999999
NIC,2011,0.812
NIC,2012,0.813
NIC,2013,0.8190000000000001
NIC,2014,0.8190000000000001
NIC,2015,0.8320000000000001
NIC,2016,0.8390000000000001
NIC,2017,0.846
NIC,2018,0.852
NIC,2019,0.857
NIC,2020,0.86
NIC,2021,0.863
NIC,2022,0.865
NLD,2009,1.0
NLD,2010,1.0
NLD,2011,1.0
NLD,2012,1.0
NLD,2013,1.0
NLD,2014,1.0
NLD,2015,1.0
NLD,2016,1.0
NLD,2017,1.0
NLD,2018,1.0
NLD,2019,1.0
NLD,2020,1.0
NLD,2021,1.0
NLD,2022,1.0
NOR,2009,1.0
NOR,2010,1.0
NOR,2011,1.0
NOR,2012,1.0
NOR,2013,1.0
NOR,2014,1.0
NOR,2015,1.0
NOR,2016,1.0
NOR,2017,1.0
NOR,2018,1.0
NOR,2019,1.0
NOR,2020,1.0
NOR,2021,1.0
NOR,2022,1.0
NPL,2009,0.593
NPL,2010,0.6859999999999999
NPL,2011,0.6729999999999999
NPL,2012,0.752
NPL,2013,0.774
NPL,2014,0.8490000000000001
NPL,2015,0.82
NPL,2016,0.907
NPL,2017,0.866
NPL,2018,0.9390000000000001
NPL,2019,0.899
NPL,2020,0.899
NPL,2021,0.899
NPL,2022,0.9129999999999999
NRU,2009,0.991
NRU,2010,0.992
NRU,2011,0.99
NRU,2012,0.9940000000000001
NRU,2013,0.9940000000000001
NRU,2014,0.995
NRU,2015,0.99
NRU,2016,0.997
NRU,2017,0.998
NRU,2018,0.9990000000000001
NRU,2019,1.0
NRU,2020,1.0
NRU,2021,1.0
NRU,2022,1.0
NZL,2009,1.0
NZL,2010,1.0
NZL,2011,1.0
NZL,2012,1.0
NZL,2013,1.0
NZL,2014,1.0
NZL,2015,1.0
NZL,2016,1.0
NZL,2017,1.0
NZL,2018,1.0
NZL,2019,1.0
NZL,2020,1.0
NZL,2021,1.0
NZL,2022,1.0
OMN,2009,1.0
OMN,2010,1.0
OMN,2011,1.0
OMN,2012,1.0
OMN,2013,1.0
OMN,2014,1.0
OMN,2015,1.0
OMN,2016,1.0
OMN,2017,1.0
OMN,2018,1.0
OMN,2019,1.0
OMN,2020,1.0
OMN,2021,1.0
OMN,2022,1.0
PAK,2009,0.825
PAK,2010,0.871
PAK,2011,0.878
PAK,2012,0.8859999999999999
PAK,2013,0.893
PAK,2014,0.9009999999999999
PAK,2015,0.91
PAK,2016,0.9179999999999999
PAK,2017,0.927
PAK,2018,0.934
PAK,2019,0.9390000000000001
PAK,2020,0.945
PAK,2021,0.9490000000000001
PAK,2022,0.95
PAN,2009,0.87
PAN,2010,0.868
PAN,2011,0.8859999999999999
PAN,2012,0.893
PAN,2013,0.8909999999999999
PAN,2014,0.9079999999999999
PAN,2015,0.9159999999999999
PAN,2016,0.924
PAN,2017,0.937
PAN,2018,0.938
PAN,2019,0.9390000000000001
PAN,2020,0.953
PAN,2021,0.953
PAN,2022,0.95
PER,2009,0.8640000000000001
PER,2010,0.8809999999999999
PER,2011,0.897
PER,2012,0.9109999999999999
PER,2013,0.9209999999999999
PER,2014,0.929
PER,2015,0.9390000000000001
PER,2016,0.9420000000000001
PER,2017,0.948
PER,2018,0.9520000000000001
PER,2019,0.956
PER,2020,0.9620000000000001
PER,2021,0.956
PER,2022,0.9620000000000001
PHL,2009,0.843
PHL,2010,0.855
PHL,2011,0.872
PHL,2012,0.871
PHL,2013,0.875
PHL,2014,0.898
PHL,2015,0.8909999999999999
PHL,2016,0.92
PHL,2017,0.93
PHL,2018,0.9420000000000001
PHL,2019,0.953
PHL,2020,0.9640000000000001
PHL,2021,0.975
PHL,2022,0.948
PLW,2009,0.986
PLW,2010,0.988
PLW,2011,0.9890000000000001
PLW,2012,0.976
PLW,2013,0.992
PLW,2014,0.998
PLW,2015,0.995
PLW,2016,1.0
PLW,2017,1.0
PLW,2018,1.0
PLW,2019,1.0
PLW,2020,1.0
PLW,2021,1.0
PLW,2022,1.0
PNG,2009,0.172
PNG,2010,0.195
PNG,2011,0.17300000000000001
PNG,2012,0.175
PNG,2013,0.17800000000000002
PNG,2014,0.18100000000000002
PNG,2015,0.184
PNG,2016,0.135
PNG,2017,0.192
PNG,2018,0.166
PNG,2019,0.23600000000000002
PNG,2020,0.205
PNG,2021,0.209
PNG,2022,0.19
POL,2009,1.0
POL,2010,1.0
POL,2011,1.0
POL,2012,1.0
POL,2013,1.0
POL,2014,1.0
POL,2015,1.0
POL,2016,1.0
POL,2017,1.0
POL,2018,1.0
POL,2019,1.0
POL,2020,1.0
POL,2021,1.0
POL,2022,1.0
PRI,2009,1.0
PRI,2010,1.0
PRI,2011,1.0
PRI,2012,1.0
PRI,2013,1.0
PRI,2014,1.0
PRI,2015,1.0
PRI,2016,1.0
PRI,2017,1.0
PRI,2018,1.0
PRI,2019,1.0
PRI,2020,1.0
PRI,2021,1.0
PRI,2022,1.0
PRK,2009,0.26
PRK,2010,0.293
PRK,2011,0.314
PRK,2012,0.336
PRK,2013,0.35700000000000004
PRK,2014,0.37799999999999995
PRK,2015,0.4
PRK,2016,0.42100000000000004
PRK,2017,0.442
PRK,2018,0.46299999999999997
PRK,2019,0.484
PRK,2020,0.505
PRK,2021,0.526
PRK,2022,0.547
PRT,2009,1.0
PRT,2010,1.0
PRT,2011,1.0
PRT,2012,1.0
PRT,2013,1.0
PRT,2014,1.0
PRT,2015,1.0
PRT,2016,1.0
PRT,2017,1.0
PRT,2018,1.0
PRT,2019,1.0
PRT,2020,1.0
PRT,2021,1.0
PRT,2022,1.0
PRY,2009,0.9690000000000001
PRY,2010,0.9740000000000001
PRY,2011,0.982
PRY,2012,0.978
PRY,2013,0.99
PRY,2014,0.99
PRY,2015,0.993
PRY,2016,0.9840000000000001
PRY,2017,0.993
PRY,2018,0.996
PRY,2019,0.997
PRY,2020,0.997
PRY,2021,1.0
PRY,2022,1.0
PSE,2009,
PSE,2010,
PSE,2011,
PSE,2012,
PSE,2013,
PSE,2014,
PSE,2015,
PSE,2016,
PSE,2017,
PSE,2018,
PSE,2019,
PSE,2020,
PSE,2021,
PSE,2022,
PYF,2009,1.0
PYF,2010,1.0
PYF,2011,1.0
PYF,2012,1.0
PYF,2013,1.0
PYF,2014,1.0
PYF,2015,1.0
PYF,2016,1.0
PYF,2017,1.0
PYF,2018,1.0
PYF,2019,1.0
PYF,2020,1.0
PYF,2021,1.0
PYF,2022,1.0
QAT,2009,1.0
QAT,2010,1.0
QAT,2011,1.0
QAT,2012,1.0
QAT,2013,1.0
QAT,2014,1.0
QAT,2015,1.0
QAT,2016,1.0
QAT,2017,1.0
QAT,2018,1.0
QAT,2019,1.0
QAT,2020,1.0
QAT,2021,1.0
QAT,2022,1.0
ROU,2009,0.968
ROU,2010,0.971
ROU,2011,0.9740000000000001
ROU,2012,0.978
ROU,2013,0.981
ROU,2014,0.9840000000000001
ROU,2015,0.988
ROU,2016,0.991
ROU,2017,1.0
ROU,2018,0.998
ROU,2019,1.0
ROU,2020,1.0
ROU,2021,1.0
ROU,2022,1.0
RUS,2009,0.9840000000000001
RUS,2010,0.993
RUS,2011,0.992
RUS,2012,1.0
RUS,2013,1.0
RUS,2014,1.0
RUS,2015,0.955
RUS,2016,0.9940000000000001
RUS,2017,1.0
RUS,2018,1.0
RUS,2019,0.998
RUS,2020,0.9990000000000001
RUS,2021,1.0
RUS,2022,1.0
RWA,2009,0.156
RWA,2010,0.09699999999999999
RWA,2011,0.10800000000000001
RWA,2012,0.175
RWA,2013,0.152
RWA,2014,0.198
RWA,2015,0.228
RWA,2016,0.294
RWA,2017,0.341
RWA,2018,0.38
RWA,2019,0.466
RWA,2020,0.452
RWA,2021,0.48700000000000004
RWA,2022,0.506
SAU,2009,1.0
SAU,2010,1.0
SAU,2011,1.0
SAU,2012,1.0
SAU,2013,1.0
SAU,2014,1.0
SAU,2015,1.0
SAU,2016,0.9990000000000001
SAU,2017,1.0
SAU,2018,0.9990000000000001
SAU,2019,1.0
SAU,2020,1.0
SAU,2021,1.0
SAU,2022,1.0
SDN,2009,0.29
SDN,2010,0.36
SDN,2011,0.38299999999999995
SDN,2012,0.40700000000000003
SDN,2013,0.431
SDN,2014,0.449
SDN,2015,0.48
SDN,2016,0.505
SDN,2017,0.53
SDN,2018,0.5529999999999999
SDN,2019,0.5760000000000001
SDN,2020,0.597
SDN,2021,0.618
SDN,2022,0.632
SEN,2009,0.535
SEN,2010,0.565
SEN,2011,0.565
SEN,2012,0.565
SEN,2013,0.57
SEN,2014,0.61
SEN,2015,0.605
SEN,2016,0.645
SEN,2017,0.617
SEN,2018,0.66
SEN,2019,0.7040000000000001
SEN,2020,0.643
SEN,2021,0.68
SEN,2022,0.679
SGP,2009,1.0
SGP,2010,1.0
SGP,2011,1.0
SGP,2012,1.0
SGP,2013,1.0
SGP,2014,1.0
SGP,2015,1.0
SGP,2016,1.0
SGP,2017,1.0
SGP,2018,1.0
SGP,2019,1.0
SGP,2020,1.0
SGP,2021,1.0
SGP,2022,1.0
SLB,2009,0.212
SLB,2010,0.354
SLB,2011,0.391
SLB,2012,0.429
SLB,2013,0.447
SLB,2014,0.505
SLB,2015,0.551
SLB,2016,0.5820000000000001
SLB,2017,0.629
SLB,2018,0.6579999999999999
SLB,2019,0.6940000000000001
SLB,2020,0.7290000000000001
SLB,2021,0.763
SLB,2022,0.76
SLE,2009,0.146
SLE,2010,0.115
SLE,2011,0.142
SLE,2012,0.172
SLE,2013,0.135
SLE,2014,0.188
SLE,2015,0.19699999999999998
SLE,2016,0.203
SLE,2017,0.23399999999999999
SLE,2018,0.261
SLE,2019,0.22699999999999998
SLE,2020,0.263
SLE,2021,0.275
SLE,2022,0.294
SLV,2009,0.9109999999999999
SLV,2010,0.9159999999999999
SLV,2011,0.9259999999999999
SLV,2012,0.937
SLV,2013,0.95
SLV,2014,0.951
SLV,2015,0.9540000000000001
SLV,2016,0.96
SLV,2017,0.968
SLV,2018,0.97
SLV,2019,0.9740000000000001
SLV,2020,0.997
SLV,2021,0.9790000000000001
SLV,2022,1.0
SMR,2009,1.0
SMR,2010,1.0
SMR,2011,1.0
SMR,2012,1.0
SMR,2013,1.0
SMR,2014,1.0
SMR,2015,1.0
SMR,2016,1.0
SMR,2017,1.0
SMR,2018,1.0
SMR,2019,1.0
SMR,2020,1.0
SMR,2021,1.0
SMR,2022,1.0
SOM,2009,0.255
SOM,2010,0.523
SOM,2011,0.52
SOM,2012,0.518
SOM,2013,0.515
SOM,2014,0.514
SOM,2015,0.512
SOM,2016,0.511
SOM,2017,0.521
SOM,2018,0.507
SOM,2019,0.49200000000000005
SOM,2020,0.499
SOM,2021,0.493
SOM,2022,0.489
SRB,2009,0.996
SRB,2010,0.997
SRB,2011,0.997
SRB,2012,0.998
SRB,2013,0.9990000000000001
SRB,2014,0.997
SRB,2015,0.9990000000000001
SRB,2016,0.9990000000000001
SRB,2017,1.0
SRB,2018,1.0
SRB,2019,0.998
SRB,2020,1.0
SRB,2021,1.0
SRB,2022,1.0
SSD,2009,0.03
SSD,2010,0.015
SSD,2011,0.027999999999999997
SSD,2012,0.033
SSD,2013,0.038
SSD,2014,0.043
SSD,2015,0.048
SSD,2016,0.053
SSD,2017,0.042
SSD,2018,0.063
SSD,2019,0.068
SSD,2020,0.073
SSD,2021,0.077
SSD,2022,0.084
STP,2009,0.569
STP,2010,0.614
STP,2011,0.626
STP,2012,0.579
STP,2013,0.65
STP,2014,0.6859999999999999
STP,2015,0.6729999999999999
STP,2016,0.6940000000000001
STP,2017,0.743
STP,2018,0.71
STP,2019,0.7509999999999999
STP,2020,0.768
STP,2021,0.785
STP,2022,0.78
SUR,2009,0.946
SUR,2010,0.912
SUR,2011,0.946
SUR,2012,0.946
SUR,2013,0.946
SUR,2014,0.946
SUR,2015,0.95
SUR,2016,0.958
SUR,2017,0.966
SUR,2018,0.9740000000000001
SUR,2019,0.9790000000000001
SUR,2020,0.9840000000000001
SUR,2021,0.988
SUR,2022,0.99
SVK,2009,1.0
SVK,2010,1.0
SVK,2011,1.0
SVK,2012,1.0
SVK,2013,1.0
SVK,2014,1.0
SVK,2015,1.0
SVK,2016,1.0
SVK,2017,1.0
SVK,2018,1.0
SVK,2019,1.0
SVK,2020,1.0
SVK,2021,1.0
SVK,2022,1.0
SVN,2009,1.0
SVN,2010,1.0
SVN,2011,1.0
SVN,2012,1.0
SVN,2013,1.0
SVN,2014,1.0
SVN,2015,1.0
SVN,2016,1.0
SVN,2017,1.0
SVN,2018,1.0
SVN,2019,1.0
SVN,2020,1.0
SVN,2021,1.0
SVN,2022,1.0
SWE,2009,1.0
SWE,2010,1.0
SWE,2011,1.0
SWE,2012,1.0
SWE,2013,1.0
SWE,2014,1.0
SWE,2015,1.0
SWE,2016,1.0
SWE,2017,1.0
SWE,2018,1.0
SWE,2019,1.0
SWE,2020,1.0
SWE,2021,1.0
SWE,2022,1.0
SWZ,2009,0.386
SWZ,2010,0.456
SWZ,2011,0.512
SWZ,2012,0.5429999999999999
SWZ,2013,0.575
SWZ,2014,0.65
SWZ,2015,0.6409999999999999
SWZ,2016,0.634
SWZ,2017,0.735
SWZ,2018,0.74
SWZ,2019,0.77
SWZ,2020,0.8
SWZ,2021,0.8290000000000001
SWZ,2022,0.823
SXM,2009,0.997
SXM,2010,1.0
SXM,2011,1.0
SXM,2012,1.0
SXM,2013,1.0
SXM,2014,1.0
SXM,2015,1.0
SXM,2016,1.0
SXM,2017,1.0
SXM,2018,1.0
SXM,2019,1.0
SXM,2020,1.0
SXM,2021,1.0
SXM,2022,1.0
SYC,2009,0.968
SYC,2010,0.97
SYC,2011,0.981
SYC,2012,0.983
SYC,2013,0.98
SYC,2014,1.0
SYC,2015,1.0
SYC,2016,1.0
SYC,2017,1.0
SYC,2018,1.0
SYC,2019,1.0
SYC,2020,1.0
SYC,2021,1.0
SYC,2022,1.0
SYR,2009,0.9109999999999999
SYR,2010,0.927
SYR,2011,0.915
SYR,2012,0.907
SYR,2013,0.904
SYR,2014,0.902
SYR,2015,0.9
SYR,2016,0.898
SYR,2017,0.8959999999999999
SYR,2018,0.86
SYR,2019,0.892
SYR,2020,0.89
SYR,2021,0.888
SYR,2022,0.89
TCD,2009,0.063
TCD,2010,0.064
TCD,2011,0.09
TCD,2012,0.078
TCD,2013,0.081
TCD,2014,0.084
TCD,2015,0.077
TCD,2016,0.092
TCD,2017,0.109
TCD,2018,0.10099999999999999
TCD,2019,0.084
TCD,2020,0.109
TCD,2021,0.113
TCD,2022,0.11699999999999999
TGO,2009,0.337
TGO,2010,0.308
TGO,2011,0.397
TGO,2012,0.391
TGO,2013,0.41
TGO,2014,0.457
TGO,2015,0.447
TGO,2016,0.46799999999999997
TGO,2017,0.48
TGO,2018,0.5
TGO,2019,0.525
TGO,2020,0.541
TGO,2021,0.557
TGO,2022,0.5720000000000001
THA,2009,0.99
THA,2010,0.997
THA,2011,0.993
THA,2012,0.991
THA,2013,0.9940000000000001
THA,2014,0.995
THA,2015,0.996
THA,2016,0.9990000000000001
THA,2017,0.9990000000000001
THA,2018,0.998
THA,2019,0.9990000000000001
THA,2020,1.0
THA,2021,1.0
THA,2022,0.9990000000000001
TJK,2009,0.99
TJK,2010,0.988
TJK,2011,0.9890000000000001
TJK,2012,0.991
TJK,2013,0.99
TJK,2014,0.991
TJK,2015,0.98
TJK,2016,0.993
TJK,2017,0.993
TJK,2018,0.993
TJK,2019,0.9940000000000001
TJK,2020,0.995
TJK,2021,0.996
TJK,2022,1.0
TKM,2009,0.997
TKM,2010,1.0
TKM,2011,0.998
TKM,2012,0.9990000000000001
TKM,2013,0.9990000000000001
TKM,2014,1.0
TKM,2015,1.0
TKM,2016,1.0
TKM,2017,1.0
TKM,2018,1.0
TKM,2019,0.9990000000000001
TKM,2020,1.0
TKM,2021,1.0
TKM,2022,1.0
TLS,2009,0.46299999999999997
TLS,2010,0.38
TLS,2011,0.527
TLS,2012,0.56
TLS,2013,0.5920000000000001
TLS,2014,0.624
TLS,2015,0.6729999999999999
TLS,2016,0.765
TLS,2017,0.795
TLS,2018,0.852
TLS,2019,0.9059999999999999
TLS,2020,0.96
TLS,2021,1.0
TLS,2022,0.997
TON,2009,0.92
TON,2010,0.9279999999999999
TON,2011,0.922
TON,2012,0.9279999999999999
TON,2013,0.951
TON,2014,0.9590000000000001
TON,2015,1.0
TON,2016,0.97
TON,2017,0.982
TON,2018,0.99
TON,2019,0.9840000000000001
TON,2020,0.9990000000000001
TON,2021,1.0
TON,2022,1.0
TTO,2009,0.99
TTO,2010,1.0
TTO,2011,0.975
TTO,2012,1.0
TTO,2013,1.0
TTO,2014,1.0
TTO,2015,1.0
TTO,2016,1.0
TTO,2017,1.0
TTO,2018,1.0
TTO,2019,1.0
TTO,2020,1.0
TTO,2021,1.0
TTO,2022,1.0
TUN,2009,0.995
TUN,2010,0.995
TUN,2011,0.995
TUN,2012,0.995
TUN,2013,0.997
TUN,2014,0.998
TUN,2015,0.9990000000000001
TUN,2016,1.0
TUN,2017,1.0
TUN,2018,0.998
TUN,2019,1.0
TUN,2020,0.9990000000000001
TUN,2021,0.9990000000000001
TUN,2022,1.0
TUR,2009,0.997
TUR,2010,1.0
TUR,2011,1.0
TUR,2012,1.0
TUR,2013,1.0
TUR,2014,1.0
TUR,2015,1.0
TUR,2016,1.0
TUR,2017,1.0
TUR,2018,1.0
TUR,2019,1.0
TUR,2020,1.0
TUR,2021,1.0
TUR,2022,1.0
TUV,2009,0.965
TUV,2010,0.9670000000000001
TUV,2011,0.97
TUV,2012,0.977
TUV,2013,0.976
TUV,2014,0.9790000000000001
TUV,2015,0.981
TUV,2016,0.973
TUV,2017,0.987
TUV,2018,0.99
TUV,2019,0.997
TUV,2020,0.9940000000000001
TUV,2021,0.997
TUV,2022,1.0
TWN,2009,
TWN,2010,
TWN,2011,
TWN,2012,
TWN,2013,
TWN,2014,
TWN,2015,
TWN,2016,
TWN,2017,
TWN,2018,
TWN,2019,
TWN,2020,
TWN,2021,
TWN,2022,
TZA,2009,0.11199999999999999
TZA,2010,0.14800000000000002
TZA,2011,0.142
TZA,2012,0.153
TZA,2013,0.16399999999999998
TZA,2014,0.235
TZA,2015,0.262
TZA,2016,0.32799999999999996
TZA,2017,0.321
TZA,2018,0.349
TZA,2019,0.377
TZA,2020,0.39899999999999997
TZA,2021,0.42700000000000005
TZA,2022,0.45799999999999996
UGA,2009,0.1
UGA,2010,0.121
UGA,2011,0.146
UGA,2012,0.205
UGA,2013,0.139
UGA,2014,0.204
UGA,2015,0.185
UGA,2016,0.267
UGA,2017,0.324
UGA,2018,0.419
UGA,2019,0.413
UGA,2020,0.42100000000000004
UGA,2021,0.452
UGA,2022,0.47100000000000003
UKR,2009,0.9990000000000001
UKR,2010,1.0
UKR,2011,1.0
UKR,2012,0.9990000000000001
UKR,2013,1.0
UKR,2014,1.0
UKR,2015,1.0
UKR,2016,1.0
UKR,2017,1.0
UKR,2018,1.0
UKR,2019,1.0
UKR,2020,1.0
UKR,2021,1.0
UKR,2022,1.0
URY,2009,0.991
URY,2010,0.993
URY,2011,0.992
URY,2012,0.996
URY,2013,0.996
URY,2014,0.997
URY,2015,0.997
URY,2016,0.997
URY,2017,0.998
URY,2018,0.998
URY,2019,0.9990000000000001
URY,2020,1.0
URY,2021,1.0
URY,2022,1.0
USA,2009,1.0
USA,2010,1.0
USA,2011,1.0
USA,2012,1.0
USA,2013,1.0
USA,2014,1.0
USA,2015,1.0
USA,2016,1.0
USA,2017,1.0
USA,2018,1.0
USA,2019,1.0
USA,2020,1.0
USA,2021,1.0
USA,2022,1.0
UZB,2009,0.995
UZB,2010,0.996
UZB,2011,0.997
UZB,2012,0.997
UZB,2013,0.998
UZB,2014,0.998
UZB,2015,0.9990000000000001
UZB,2016,0.9990000000000001
UZB,2017,1.0
UZB,2018,1.0
UZB,2019,1.0
UZB,2020,1.0
UZB,2021,0.9990000000000001
UZB,2022,1.0
VCT,2009,0.914
VCT,2010,0.927
VCT,2011,0.941
VCT,2012,0.9540000000000001
VCT,2013,0.968
VCT,2014,0.981
VCT,2015,0.9940000000000001
VCT,2016,0.997
VCT,2017,1.0
VCT,2018,1.0
VCT,2019,1.0
VCT,2020,1.0
VCT,2021,1.0
VCT,2022,1.0
VEN,2009,0.99
VEN,2010,0.991
VEN,2011,0.988
VEN,2012,0.993
VEN,2013,0.9940000000000001
VEN,2014,1.0
VEN,2015,1.0
VEN,2016,0.9940000000000001
VEN,2017,0.992
VEN,2018,0.9990000000000001
VEN,2019,0.998
VEN,2020,0.9990000000000001
VEN,2021,1.0
VEN,2022,1.0
VIR,2009,1.0
VIR,2010,1.0
VIR,2011,1.0
VIR,2012,1.0
VIR,2013,1.0
VIR,2014,1.0
VIR,2015,1.0
VIR,2016,1.0
VIR,2017,1.0
VIR,2018,1.0
VIR,2019,1.0
VIR,2020,1.0
VIR,2021,1.0
VIR,2022,1.0
VNM,2009,0.961
VNM,2010,0.9740000000000001
VNM,2011,0.99
VNM,2012,0.9790000000000001
VNM,2013,0.985
VNM,2014,0.992
VNM,2015,0.993
VNM,2016,0.992
VNM,2017,1.0
VNM,2018,1.0
VNM,2019,0.9940000000000001
VNM,2020,0.998
VNM,2021,1.0
VNM,2022,1.0
VUT,2009,0.33299999999999996
VUT,2010,0.441
VUT,2011,0.42
VUT,2012,0.439
VUT,2013,0.317
VUT,2014,0.491
VUT,2015,0.523
VUT,2016,0.578
VUT,2017,0.628
VUT,2018,0.616
VUT,2019,0.645
VUT,2020,0.6729999999999999
VUT,2021,0.7
VUT,2022,0.7
WSM,2009,0.9790000000000001
WSM,2010,0.9640000000000001
WSM,2011,0.9670000000000001
WSM,2012,0.968
WSM,2013,0.97
WSM,2014,0.9790000000000001
WSM,2015,0.982
WSM,2016,0.9890000000000001
WSM,2017,0.968
WSM,2018,0.998
WSM,2019,0.992
WSM,2020,1.0
WSM,2021,0.983
WSM,2022,0.983
XKX,2009,
XKX,2010,
XKX,2011,
XKX,2012,
XKX,2013,
XKX,2014,
XKX,2015,
XKX,2016,
XKX,2017,
XKX,2018,
XKX,2019,
XKX,2020,
XKX,2021,
XKX,2022,
YEM,2009,0.596
YEM,2010,0.608
YEM,2011,0.62
YEM,2012,0.524
YEM,2013,0.7559999999999999
YEM,2014,0.6609999999999999
YEM,2015,0.674
YEM,2016,0.6890000000000001
YEM,2017,0.792
YEM,2018,0.62
YEM,2019,0.728
YEM,2020,0.7390000000000001
YEM,2021,0.7490000000000001
YEM,2022,0.76
ZAF,2009,0.826
ZAF,2010,0.828
ZAF,2011,0.836
ZAF,2012,0.852
ZAF,2013,0.852
ZAF,2014,0.8590000000000001
ZAF,2015,0.853
ZAF,2016,0.8390000000000001
ZAF,2017,0.8440000000000001
ZAF,2018,0.847
ZAF,2019,0.85
ZAF,2020,0.9
ZAF,2021,0.893
ZAF,2022,0.865
ZMB,2009,0.266
ZMB,2010,0.22
ZMB,2011,0.28300000000000003
ZMB,2012,0.292
ZMB,2013,0.301
ZMB,2014,0.27899999999999997
ZMB,2015,0.311
ZMB,2016,0.354
ZMB,2017,0.40299999999999997
ZMB,2018,0.402
ZMB,2019,0.43
ZMB,2020,0.446
ZMB,2021,0.467
ZMB,2022,0.478
ZWE,2009,0.434
ZWE,2010,0.389
ZWE,2011,0.369
ZWE,2012,0.44
ZWE,2013,0.406
ZWE,2014,0.32299999999999995
ZWE,2015,0.337
ZWE,2016,0.425
ZWE,2017,0.44
ZWE,2018,0.45399999999999996
ZWE,2019,0.467
ZWE,2020,0.527
ZWE,2021,0.49
ZWE,2022,0.501
