country,year,governance
ABW,2009,0.7231153876848506
ABW,2010,0.5937086569506258
ABW,2011,0.5934388782854743
ABW,2012,0.5935068213314888
ABW,2013,0.5935827057724921
ABW,2014,0.4938284903133609
ABW,2015,0.49326255970834226
ABW,2016,0.49345929714798026
ABW,2017,0.49352318779490595
ABW,2018,0.5624226653556937
ABW,2019,0.5627645048272243
ABW,2020,0.5617882361338177
ABW,2021,0.5623675984809777
ABW,2022,0.5956952148814029
AFG,2009,0.0
AFG,2010,0.0
AFG,2011,0.0
AFG,2012,0.0
AFG,2013,0.0
AFG,2014,0.0
AFG,2015,0.0
AFG,2016,0.0
AFG,2017,0.0
AFG,2018,0.0
AFG,2019,0.0
AFG,2020,0.0
AFG,2021,0.0
AFG,2022,0.0
AGO,2009,0.0
AGO,2010,0.0
AGO,2011,0.0
AGO,2012,0.0
AGO,2013,0.0
AGO,2014,0.0
AGO,2015,0.0
AGO,2016,0.0
AGO,2017,0.0
AGO,2018,0.0
AGO,2019,0.0
AGO,2020,0.0
AGO,2021,0.0
AGO,2022,0.0
ALB,2009,0.17134513962769857
ALB,2010,0.1692382515884914
ALB,2011,0.1847225338684159
ALB,2012,0.15521554547350613
ALB,2013,0.14963964041102076
ALB,2014,0.2923023568164849
ALB,2015,0.32610753537728066
ALB,2016,0.3306460916342861
ALB,2017,0.34979789313156917
ALB,2018,0.3538552923580445
ALB,2019,0.2748286407096561
ALB,2020,0.27223409219299427
ALB,2021,0.302603065090876
ALB,2022,0.3291822278247002
AND,2009,
AND,2010,
AND,2011,
AND,2012,
AND,2013,
AND,2014,
AND,2015,
AND,2016,
AND,2017,
AND,2018,
AND,2019,
AND,2020,
AND,2021,
AND,2022,
ARE,2009,0.5551210265328215
ARE,2010,0.5381060485389827
ARE,2011,0.5905794531993331
ARE,2012,0.6439390260346379
ARE,2013,0.6557741556156544
ARE,2014,0.7288778011473387
ARE,2015,0.724963902601503
ARE,2016,0.727363053584677
ARE,2017,0.7165302391654045
ARE,2018,0.7273926622425362
ARE,2019,0.7230628372192462
ARE,2020,0.5941187335939113
ARE,2021,0.6172429319787165
ARE,2022,0.6364512056181415
ARG,2009,0.24700784250337868
ARG,2010,0.2684843158102585
ARG,2011,0.28956139904241807
ARG,2012,0.26657485150408383
ARG,2013,0.26080639212360024
ARG,2014,0.32434921902099395
ARG,2015,0.30491185411049543
ARG,2016,0.3781367121278304
ARG,2017,0.3627405695280896
ARG,2018,0.3503531371680227
ARG,2019,0.35205560231428584
ARG,2020,0.3147897402928538
ARG,2021,0.3029064394516999
ARG,2022,0.3016059788311822
ARM,2009,0.25289666467292987
ARM,2010,0.21929730876908438
ARM,2011,0.2624049328416161
ARM,2012,0.27636129726183967
ARM,2013,0.288915237471567
ARM,2014,0.22277531296776235
ARM,2015,0.21958009432808573
ARM,2016,0.23160617687584734
ARM,2017,0.2626582404653095
ARM,2018,0.20956181212568034
ARM,2019,0.18337772562238475
ARM,2020,0.1557993523874088
ARM,2021,0.14998625125567178
ARM,2022,0.15804781294962428
ATG,2009,0.4596123527320588
ATG,2010,0.5122634420202019
ATG,2011,0.5118207174197407
ATG,2012,0.5119322237559608
ATG,2013,0.5120567696666686
ATG,2014,0.29211620790349846
ATG,2015,0.4036760096470628
ATG,2016,0.40399882898738576
ATG,2017,0.17912682433941482
ATG,2018,0.1797023303713128
ATG,2019,0.18026329351938408
ATG,2020,0.06617289926735889
ATG,2021,0.06712361170199517
ATG,2022,0.2357942986535773
AUS,2009,0.8055525906954695
AUS,2010,0.8259462237490326
AUS,2011,0.8229081989772398
AUS,2012,0.8231782717681316
AUS,2013,0.7962403083117514
AUS,2014,0.8526546710860475
AUS,2015,0.8139171345825921
AUS,2016,0.7971292870215578
AUS,2017,0.8034866514954431
AUS,2018,0.8297890419076236
AUS,2019,0.8107910354918915
AUS,2020,0.7907929035171489
AUS,2021,0.8225031878328155
AUS,2022,0.8437544915451594
AUT,2009,0.7984504344858117
AUT,2010,0.8383541795496464
AUT,2011,0.7774088751069556
AUT,2012,0.7630017793300065
AUT,2013,0.7804727829438967
AUT,2014,0.8193736245945067
AUT,2015,0.7893089084346699
AUT,2016,0.8080402408458428
AUT,2017,0.7935307566306236
AUT,2018,0.7904338413494906
AUT,2019,0.8389314503359863
AUT,2020,0.8896655260906198
AUT,2021,0.8596998649439961
AUT,2022,0.8338896776179265
AZE,2009,0.028857656802190434
AZE,2010,0.0
AZE,2011,0.00602588476454186
AZE,2012,0.001953909973601218
AZE,2013,0.06793611771931761
AZE,2014,0.12707519599068703
AZE,2015,0.1505197953486174
AZE,2016,0.22484115412587494
AZE,2017,0.22182580971672516
AZE,2018,0.2151798425303075
AZE,2019,0.24794907755304899
AZE,2020,0.24748060060999064
AZE,2021,0.24749399967149424
AZE,2022,0.2483564743840337
BDI,2009,0.0
BDI,2010,0.0
BDI,2011,0.0
BDI,2012,0.0
BDI,2013,0.0
BDI,2014,0.0
BDI,2015,0.0
BDI,2016,0.0
BDI,2017,0.0
BDI,2018,0.0
BDI,2019,0.0
BDI,2020,0.0
BDI,2021,0.0
BDI,2022,0.0
BEL,2009,0.8362740896334466
BEL,2010,0.8083422099392408
BEL,2011,0.853065760829105
BEL,2012,0.85481737765464
BEL,2013,0.8594859701695059
BEL,2014,0.7721105920626965
BEL,2015,0.7646646355432394
BEL,2016,0.707977160678735
BEL,2017,0.6420643012464591
BEL,2018,0.6683589136668401
BEL,2019,0.6323294908964487
BEL,2020,0.6483511409039424
BEL,2021,0.6675264397798134
BEL,2022,0.6943612631432537
BEN,2009,0.11538023366525313
BEN,2010,0.10855344450981297
BEN,2011,0.12011765160335487
BEN,2012,0.10225356527784195
BEN,2013,0.09623362838938244
BEN,2014,0.12000287720335341
BEN,2015,0.08930399326674282
BEN,2016,0.10441349399222029
BEN,2017,0.1136217865864152
BEN,2018,0.14767533799459445
BEN,2019,0.1637067268321566
BEN,2020,0.2044205268654778
BEN,2021,0.2001407685793184
BEN,2022,0.19588434426855827
BFA,2009,0.08611710818970901
BFA,2010,0.09670498122856841
BFA,2011,0.09357162703627335
BFA,2012,0.06378018636983408
BFA,2013,0.061800066524706626
BFA,2014,0.08221637994091209
BFA,2015,0.05267857370454474
BFA,2016,0.09456727534790366
BFA,2017,0.09914181298714196
BFA,2018,0.10850190714398118
BFA,2019,0.06101282264041382
BFA,2020,0.05994044019119741
BFA,2021,0.02217551214971369
BFA,2022,0.0
BGD,2009,0.0
BGD,2010,0.002361600930326549
BGD,2011,0.0
BGD,2012,0.005066054431955269
BGD,2013,0.01320212798012315
BGD,2014,0.04220462536910329
BGD,2015,0.05215908228585895
BGD,2016,0.0916803004840852
BGD,2017,0.07879305044929664
BGD,2018,0.06369760239807903
BGD,2019,0.0709970189375799
BGD,2020,0.030371195181253023
BGD,2021,0.08183352626892573
BGD,2022,0.06237201036708265
BGR,2009,0.24692682720223866
BGR,2010,0.1694476037543255
BGR,2011,0.1744339827912915
BGR,2012,0.20003985076974992
BGR,2013,0.21603741514717492
BGR,2014,0.21569508546607719
BGR,2015,0.2302607803783362
BGR,2016,0.243601212817686
BGR,2017,0.24996338134532978
BGR,2018,0.2581238346493063
BGR,2019,0.27786571774295227
BGR,2020,0.24725010407149112
BGR,2021,0.26128042477508695
BGR,2022,0.24202136542449953
BHR,2009,0.3865521070873911
BHR,2010,0.39667954262009425
BHR,2011,0.4077354023924449
BHR,2012,0.3757610585232443
BHR,2013,0.38341479853792054
BHR,2014,0.4052400396115475
BHR,2015,0.4124992916471753
BHR,2016,0.4042453063577762
BHR,2017,0.40427886937281077
BHR,2018,0.4027795143905593
BHR,2019,0.40867199679154564
BHR,2020,0.4035713335641457
BHR,2021,0.5008682591854324
BHR,2022,0.5046086235444779
BHS,2009,0.5854058467883331
BHS,2010,0.5857522942297954
BHS,2011,0.5855484977723896
BHS,2012,0.5855998390543948
BHS,2013,0.5856571608931199
BHS,2014,0.5102967212365778
BHS,2015,0.5098691931326998
BHS,2016,0.5100178246734763
BHS,2017,0.5100660612948892
BHS,2018,0.5103310032256443
BHS,2019,0.5105892456256476
BHS,2020,0.45806577422816663
BHS,2021,0.45850346601040454
BHS,2022,0.4979344529676274
BIH,2009,0.04373613809896367
BIH,2010,0.034544872117069664
BIH,2011,0.026826751245900272
BIH,2012,0.07279958487746623
BIH,2013,0.09024526099705095
BIH,2014,0.18836266671128696
BIH,2015,0.11490626637504206
BIH,2016,0.1308472278877739
BIH,2017,0.11229008327614765
BIH,2018,0.04827031515050184
BIH,2019,0.006726982487557316
BIH,2020,0.0356811452132114
BIH,2021,0.0
BIH,2022,0.022330843221241563
BLR,2009,0.0
BLR,2010,0.0
BLR,2011,0.0
BLR,2012,0.0
BLR,2013,0.0
BLR,2014,0.10951853642508723
BLR,2015,0.1569269977951684
BLR,2016,0.1587190405696784
BLR,2017,0.2002820142959489
BLR,2018,0.19096770571268656
BLR,2019,0.18810547009169337
BLR,2020,0.06455102457394415
BLR,2021,0.04306072735726909
BLR,2022,0.0710401900601317
BLZ,2009,0.09661684154838508
BLZ,2010,0.175687481335271
BLZ,2011,0.1784272952870141
BLZ,2012,0.17847193703826753
BLZ,2013,0.1785217750109333
BLZ,2014,0.12331430819109497
BLZ,2015,0.13731531436257166
BLZ,2016,0.1312627948782123
BLZ,2017,0.1313146263697844
BLZ,2018,0.13701239753067712
BLZ,2019,0.14283517213120697
BLZ,2020,0.14200779642367936
BLZ,2021,0.14249879032619162
BLZ,2022,0.219940104234241
BMU,2009,0.5115109049732676
BMU,2010,0.5122634420202019
BMU,2011,0.5118207174197407
BMU,2012,0.5119322237559608
BMU,2013,0.5120567696666686
BMU,2014,0.742069830810377
BMU,2015,0.7411411451256272
BMU,2016,0.7414639644659502
BMU,2017,0.7415688039520565
BMU,2018,0.7421443099839543
BMU,2019,0.7427052404513875
BMU,2020,0.7411032029051257
BMU,2021,0.742053915339762
BMU,2022,0.6629548760786163
BOL,2009,0.1478731538952807
BOL,2010,0.16624777714471747
BOL,2011,0.17878246845877258
BOL,2012,0.1851863701609044
BOL,2013,0.21294128420134956
BOL,2014,0.13968711165189576
BOL,2015,0.12490866578747033
BOL,2016,0.15738057236738373
BOL,2017,0.16380323275562025
BOL,2018,0.14707532148433625
BOL,2019,0.11648604840695288
BOL,2020,0.11191850442420669
BOL,2021,0.10975619002326793
BOL,2022,0.12442551523803365
BRA,2009,0.25786219346297046
BRA,2010,0.26360777639698446
BRA,2011,0.25443758942648026
BRA,2012,0.26430491976282483
BRA,2013,0.3113698749488466
BRA,2014,0.25947439468759237
BRA,2015,0.23284192983349408
BRA,2016,0.233262496961518
BRA,2017,0.2318082085788112
BRA,2018,0.19865987815743197
BRA,2019,0.2801175117302247
BRA,2020,0.23755673277022854
BRA,2021,0.2436961500705346
BRA,2022,0.18924824663476034
BRB,2009,0.6969886883815561
BRB,2010,0.665878910785715
BRB,2011,0.6831138294720397
BRB,2012,0.6878765422238088
BRB,2013,0.6613438840375934
BRB,2014,0.6468331906387751
BRB,2015,0.6463945837986783
BRB,2016,0.5857572290061053
BRB,2017,0.5858067401723929
BRB,2018,0.5860785450370889
BRB,2019,0.5207065501606285
BRB,2020,0.4656558850410197
BRB,2021,0.48264677740479
BRB,2022,0.4972708399361839
BRN,2009,0.5209690737241854
BRN,2010,0.509155840170504
BRN,2011,0.5087739342370139
BRN,2012,0.5105329695673325
BRN,2013,0.5300648142017502
BRN,2014,0.638150108574883
BRN,2015,0.6377994780117806
BRN,2016,0.584971161624774
BRN,2017,0.5973199001096696
BRN,2018,0.5995463992832744
BRN,2019,0.6181238385709827
BRN,2020,0.6175189199650526
BRN,2021,0.6178779167714352
BRN,2022,0.5880085001031726
BTN,2009,0.401165450369582
BTN,2010,0.40764909282797906
BTN,2011,0.4201045335953361
BTN,2012,0.4351442611590815
BTN,2013,0.4752220959805495
BTN,2014,0.40331711088259353
BTN,2015,0.38537710743543985
BTN,2016,0.41012700414828407
BTN,2017,0.4240528121721519
BTN,2018,0.4420972629377579
BTN,2019,0.4245026611516565
BTN,2020,0.42421020212386235
BTN,2021,0.4610209535831018
BTN,2022,0.44089504031450794
BWA,2009,0.4500595081733948
BWA,2010,0.43972745916734046
BWA,2011,0.44362877566761794
BWA,2012,0.4466828466325773
BWA,2013,0.445106822874015
BWA,2014,0.4354334848037322
BWA,2015,0.45221401190189603
BWA,2016,0.44134005255961617
BWA,2017,0.4019457005973824
BWA,2018,0.3794485782909451
BWA,2019,0.397933367970452
BWA,2020,0.36755263004295735
BWA,2021,0.3976796354984669
BWA,2022,0.4162452443952869
CAF,2009,0.0
CAF,2010,0.0
CAF,2011,0.0
CAF,2012,0.0
CAF,2013,0.0
CAF,2014,0.0
CAF,2015,0.0
CAF,2016,0.0
CAF,2017,0.0
CAF,2018,0.0
CAF,2019,0.0
CAF,2020,0.0
CAF,2021,0.0
CAF,2022,0.0
CAN,2009,0.850851778339783
CAN,2010,0.8546340392765055
CAN,2011,0.8727254194380119
CAN,2012,0.8987667569153373
CAN,2013,0.8716961100694338
CAN,2014,0.8915783891831272
CAN,2015,0.8794165512658877
CAN,2016,0.8761077347291711
CAN,2017,0.903694539568703
CAN,2018,0.8656425121240264
CAN,2019,0.8705558826161164
CAN,2020,0.8176911926792233
CAN,2021,0.8160754292650797
CAN,2022,0.856738541629152
CHE,2009,0.8630148581212593
CHE,2010,0.8530365443388997
CHE,2011,0.8681752615545825
CHE,2012,0.8998837157545314
CHE,2013,0.8823246051410956
CHE,2014,0.9516320677843487
CHE,2015,0.9314877879973036
CHE,2016,0.9494752437305628
CHE,2017,0.9508938775374145
CHE,2018,0.9564229185652756
CHE,2019,0.9379102196210758
CHE,2020,0.9065277874639557
CHE,2021,0.9458948510936149
CHE,2022,0.9284066901448725
CHL,2009,0.6825956452788667
CHL,2010,0.6437095752765484
CHL,2011,0.671637500613579
CHL,2012,0.6857024627932572
CHL,2013,0.6666461214390277
CHL,2014,0.6263848828781496
CHL,2015,0.6094770320150639
CHL,2016,0.5842614362133755
CHL,2017,0.580531954506722
CHL,2018,0.6045691845507645
CHL,2019,0.6082768029107206
CHL,2020,0.5513439291368736
CHL,2021,0.5503620720544009
CHL,2022,0.5521920570494129
CIV,2009,0.0
CIV,2010,0.0
CIV,2011,0.0
CIV,2012,0.0
CIV,2013,0.0
CIV,2014,0.03021746546097801
CIV,2015,0.07004856146695278
CIV,2016,0.06665212814025827
CIV,2017,0.07138778132391746
CIV,2018,0.10012667668829317
CIV,2019,0.10626727049156089
CIV,2020,0.10677493151935748
CIV,2021,0.10252102361770868
CIV,2022,0.15015481798551447
CMR,2009,0.0
CMR,2010,0.0
CMR,2011,0.0
CMR,2012,0.0
CMR,2013,0.006290597930832246
CMR,2014,0.07816179124928892
CMR,2015,0.061302438452718176
CMR,2016,0.06595116113979374
CMR,2017,0.061832779843157756
CMR,2018,0.04453772878325604
CMR,2019,0.02494666683312004
CMR,2020,0.0
CMR,2021,0.008690533249313886
CMR,2022,0.009790432795569074
COD,2009,0.0
COD,2010,0.0
COD,2011,0.0
COD,2012,0.0
COD,2013,0.0
COD,2014,0.0
COD,2015,0.0
COD,2016,0.0
COD,2017,0.0
COD,2018,0.0
COD,2019,0.0
COD,2020,0.0
COD,2021,0.0
COD,2022,0.0
COG,2009,0.0
COG,2010,0.0
COG,2011,0.0
COG,2012,0.0
COG,2013,0.0
COG,2014,0.0
COG,2015,0.0
COG,2016,0.000646684461056068
COG,2017,0.0
COG,2018,0.0
COG,2019,0.0
COG,2020,0.0
COG,2021,0.0
COG,2022,0.0
COL,2009,0.18473201125338154
COL,2010,0.21753333866245594
COL,2011,0.24877723759588413
COL,2012,0.23180987529134
COL,2013,0.25013975874760996
COL,2014,0.19838150448453512
COL,2015,0.22232347046935078
COL,2016,0.22851494802569433
COL,2017,0.21745039520368498
COL,2018,0.2288870170872025
COL,2019,0.24199695298805277
COL,2020,0.2390046484285613
COL,2021,0.255726644504401
COL,2022,0.2666366179095516
COM,2009,0.0
COM,2010,0.0
COM,2011,0.0
COM,2012,0.0
COM,2013,0.0
COM,2014,0.0
COM,2015,0.0
COM,2016,0.0
COM,2017,0.0
COM,2018,0.0
COM,2019,0.0
COM,2020,0.0
COM,2021,0.0
COM,2022,0.0
CPV,2009,0.3252352891540349
CPV,2010,0.3013563641195617
CPV,2011,0.3089667369278592
CPV,2012,0.3026424125788036
CPV,2013,0.290355407818738
CPV,2014,0.32897960787025576
CPV,2015,0.37177369390360343
CPV,2016,0.3608375433075642
CPV,2017,0.3705056851564346
CPV,2018,0.37900359872647477
CPV,2019,0.3915964288952003
CPV,2020,0.3952060380223534
CPV,2021,0.3567948503681049
CPV,2022,0.38377369730238975
CRI,2009,0.397626496781382
CRI,2010,0.3977160090483535
CRI,2011,0.3851127537561654
CRI,2012,0.4078045873026963
CRI,2013,0.3766720966635748
CRI,2014,0.38604480554661014
CRI,2015,0.3836602954891765
CRI,2016,0.36923568289035924
CRI,2017,0.3752447371264268
CRI,2018,0.38143902521762196
CRI,2019,0.3655880988620667
CRI,2020,0.33991340546037246
CRI,2021,0.3548432607197884
CRI,2022,0.30573975270822806
CUB,2009,0.12680672455104808
CUB,2010,0.07135392418314285
CUB,2011,0.071186730040088
CUB,2012,0.11096246504560678
CUB,2013,0.11100478647157544
CUB,2014,0.2655792031924538
CUB,2015,0.2652637043150011
CUB,2016,0.2546511247139545
CUB,2017,0.2452437743548368
CUB,2018,0.19696198830046235
CUB,2019,0.2307579509213946
CUB,2020,0.2301973145797018
CUB,2021,0.2342114119610742
CUB,2022,0.2725908340353679
CUW,2009,
CUW,2010,
CUW,2011,
CUW,2012,
CUW,2013,
CUW,2014,
CUW,2015,
CUW,2016,
CUW,2017,
CUW,2018,
CUW,2019,
CUW,2020,
CUW,2021,
CUW,2022,
CYM,2009,0.593250082240825
CYM,2010,0.5937086569506258
CYM,2011,0.5934388782854743
CYM,2012,0.5935068213314888
CYM,2013,0.5935827057724921
CYM,2014,0.6309261516280937
CYM,2015,0.630360253703713
CYM,2016,0.6305569584627132
CYM,2017,0.6306208491096389
CYM,2018,0.6309715450340169
CYM,2019,0.6313133845055474
CYM,2020,0.5617882361338177
CYM,2021,0.6309164781593009
CYM,2022,0.65315483517553
CYP,2009,0.698943153926
CYP,2010,0.7492830358273256
CYP,2011,0.7560232539731975
CYP,2012,0.7514429318610663
CYP,2013,0.7472760198172772
CYP,2014,0.6318358171816361
CYP,2015,0.6180992300507092
CYP,2016,0.6087330899758744
CYP,2017,0.6303832608727337
CYP,2018,0.5474141151204226
CYP,2019,0.5920942988039082
CYP,2020,0.5937760117451597
CYP,2021,0.5471729320133579
CYP,2022,0.5768883248356049
CZE,2009,0.5423305438665992
CZE,2010,0.49941769639543676
CZE,2011,0.5085089269449832
CZE,2012,0.5042297242296667
CZE,2013,0.49259224714614686
CZE,2014,0.5608255299051038
CZE,2015,0.5701834344592096
CZE,2016,0.5955185433533825
CZE,2017,0.6022147406801194
CZE,2018,0.6013604034463955
CZE,2019,0.5835850450525468
CZE,2020,0.6208979671924305
CZE,2021,0.625936962056276
CZE,2022,0.656701501394254
DEU,2009,0.8452209698057703
DEU,2010,0.7689362236699454
DEU,2011,0.8040032016567252
DEU,2012,0.8407655530913627
DEU,2013,0.8578049435216485
DEU,2014,0.9084634616416568
DEU,2015,0.9074268318102087
DEU,2016,0.8889417153243235
DEU,2017,0.8838171952313196
DEU,2018,0.8549948661986058
DEU,2019,0.8831704454089879
DEU,2020,0.8482448111807521
DEU,2021,0.8630620489622622
DEU,2022,0.8475938782367801
DJI,2009,0.026293174472317177
DJI,2010,0.027798575372564464
DJI,2011,0.029147076530668236
DJI,2012,0.014816518807478595
DJI,2013,0.030283676433188113
DJI,2014,0.04044876006065262
DJI,2015,0.02022163485674998
DJI,2016,0.0331472192796942
DJI,2017,0.011460642152310496
DJI,2018,0.013821426066691409
DJI,2019,0.05272952281889586
DJI,2020,0.045522723206959124
DJI,2021,0.0544465308489864
DJI,2022,0.08370236854229778
DMA,2009,0.4339146194807059
DMA,2010,0.4909604375388368
DMA,2011,0.4666368924269092
DMA,2012,0.4667186593827189
DMA,2013,0.466810001765408
DMA,2014,0.30551657663259885
DMA,2015,0.3048355448212006
DMA,2016,0.281073485747549
DMA,2017,0.11616371927619706
DMA,2018,0.11658575703292226
DMA,2019,0.11699714090172023
DMA,2020,0.1398210695862938
DMA,2021,0.1405182783134098
DMA,2022,0.25885666527163914
DNK,2009,0.974217591216072
DNK,2010,0.8936193930565016
DNK,2011,0.9336861491417509
DNK,2012,0.9088577535368783
DNK,2013,0.9063300369245454
DNK,2014,0.8574851634806421
DNK,2015,0.852535157993563
DNK,2016,0.8658859175144622
DNK,2017,0.8626779534260387
DNK,2018,0.8937602466054785
DNK,2019,0.9015896777290408
DNK,2020,0.9197154706021649
DNK,2021,0.9819935568161712
DNK,2022,0.951869982827632
DOM,2009,0.046857302413353966
DOM,2010,0.03380191049701431
DOM,2011,0.04600005660286467
DOM,2012,0.10242236077214964
DOM,2013,0.12964056069778127
DOM,2014,0.2295059556867545
DOM,2015,0.16707904184814526
DOM,2016,0.1866192527258433
DOM,2017,0.16342818975607135
DOM,2018,0.1495088524984903
DOM,2019,0.16824560989554058
DOM,2020,0.1483504546105484
DOM,2021,0.21704989398727895
DOM,2022,0.22655257376689938
DZA,2009,0.03788372215993654
DZA,2010,0.06913798085555163
DZA,2011,0.030035140182615775
DZA,2012,0.0505842023496205
DZA,2013,0.0860636426662459
DZA,2014,0.16309938985902814
DZA,2015,0.14991899450305135
DZA,2016,0.12741095686358425
DZA,2017,0.09514814100440278
DZA,2018,0.17160230356665365
DZA,2019,0.1628822923820322
DZA,2020,0.1781027438728869
DZA,2021,0.11444367194679014
DZA,2022,0.17881799231207599
ECU,2009,0.10980390375447616
ECU,2010,0.10798552038588773
ECU,2011,0.1677316415046453
ECU,2012,0.1706858404404464
ECU,2013,0.20536192531833714
ECU,2014,0.23095387134508732
ECU,2015,0.202780122250423
ECU,2016,0.21605349402097923
ECU,2017,0.2195193083417527
ECU,2018,0.1964985768562651
ECU,2019,0.20229537034973347
ECU,2020,0.15385900487850054
ECU,2021,0.22992665353732933
ECU,2022,0.2666504744999845
EGY,2009,0.15705837395917885
EGY,2010,0.1085681181161916
EGY,2011,0.10488984696899174
EGY,2012,0.09215505210960377
EGY,2013,0.016166065745992397
EGY,2014,0.05565195617474209
EGY,2015,0.09563364455976203
EGY,2016,0.12201404365440412
EGY,2017,0.133143500223111
EGY,2018,0.13347347662311523
EGY,2019,0.2273465825432193
EGY,2020,0.18953044394228133
EGY,2021,0.19255457944300328
EGY,2022,0.21924531387432292
ERI,2009,0.0
ERI,2010,0.0
ERI,2011,0.0
ERI,2012,0.0
ERI,2013,0.0
ERI,2014,0.0
ERI,2015,0.0
ERI,2016,0.0
ERI,2017,0.0
ERI,2018,0.0
ERI,2019,0.0
ERI,2020,0.0
ERI,2021,0.0
ERI,2022,0.0
ESP,2009,0.5717473010205051
ESP,2010,0.5263509865206094
ESP,2011,0.5524059845045409
ESP,2012,0.5610983805502099
ESP,2013,0.600753066473267
ESP,2014,0.599666402585326
ESP,2015,0.6152924861527235
ESP,2016,0.6105838598565358
ESP,2017,0.5994588151739337
ESP,2018,0.6158785153499975
ESP,2019,0.6316844077866456
ESP,2020,0.6085464835339587
ESP,2021,0.6322315470249213
ESP,2022,0.6393001402195445
EST,2009,0.5677389881120257
EST,2010,0.6056581034027145
EST,2011,0.6112064586875233
EST,2012,0.6118074882975538
EST,2013,0.6134330885836793
EST,2014,0.6464604352838728
EST,2015,0.6041716899530372
EST,2016,0.6137373453217242
EST,2017,0.6152257196096703
EST,2018,0.6795826865562771
EST,2019,0.6567721896138449
EST,2020,0.6975678219642514
EST,2021,0.7140796815389494
EST,2022,0.7101617632746626
ETH,2009,0.09591159338436726
ETH,2010,0.11014312877498131
ETH,2011,0.09718564804953127
ETH,2012,0.12845121424582986
ETH,2013,0.09592786834199817
ETH,2014,0.11859153117873404
ETH,2015,0.09296023766405596
ETH,2016,0.11019992772350139
ETH,2017,0.09352388062442762
ETH,2018,0.0919704065059568
ETH,2019,0.09443576846134132
ETH,2020,0.08582379946533202
ETH,2021,0.053544283800227736
ETH,2022,0.037329719987719896
FIN,2009,0.9716353306192281
FIN,2010,0.9677593742938939
FIN,2011,0.9975419258268479
FIN,2012,1.0
FIN,2013,0.9958200810623613
FIN,2014,0.9418195428776177
FIN,2015,0.894721416844215
FIN,2016,0.8995018425016792
FIN,2017,0.9557162651338315
FIN,2018,0.9719622023586401
FIN,2019,0.9684611583103038
FIN,2020,0.9639892705544381
FIN,2021,0.9707308939677359
FIN,2022,0.8861385662964973
FJI,2009,0.0
FJI,2010,0.08829206999748161
FJI,2011,0.09440285905906297
FJI,2012,0.07704303497501466
FJI,2013,0.07713918141146266
FJI,2014,0.23368607070822012
FJI,2015,0.23296912287586505
FJI,2016,0.23321834541983177
FJI,2017,0.23329926267905798
FJI,2018,0.4074329430894797
FJI,2019,0.6302167857037111
FJI,2020,0.48029132043437267
FJI,2021,0.5049873921367378
FJI,2022,0.43033984791346214
FRA,2009,0.7727311320135017
FRA,2010,0.7370356400002901
FRA,2011,0.7460920003092896
FRA,2012,0.7605473327076516
FRA,2013,0.7479230310847115
FRA,2014,0.7412796456686814
FRA,2015,0.7430216870673368
FRA,2016,0.7301983930407497
FRA,2017,0.7242404513222227
FRA,2018,0.7624341820124593
FRA,2019,0.7504900625043343
FRA,2020,0.7532752698620007
FRA,2021,0.7682008112772253
FRA,2022,0.7444910739047134
FSM,2009,0.11354707864837356
FSM,2010,0.12299714260111337
FSM,2011,0.04025996401600361
FSM,2012,0.040338789714409774
FSM,2013,0.04691557199057598
FSM,2014,0.20953331460950655
FSM,2015,0.20887676059583074
FSM,2016,0.20910496948968332
FSM,2017,0.288707617379537
FSM,2018,0.28911449132031664
FSM,2019,0.2663747806393888
FSM,2020,0.31151478089691226
FSM,2021,0.31218695625546294
FSM,2022,0.23825472583265198
GAB,2009,0.06578984951154568
GAB,2010,0.0761311798187391
GAB,2011,0.006188667021491237
GAB,2012,0.0
GAB,2013,0.0
GAB,2014,0.04344390783563389
GAB,2015,0.03657424168338256
GAB,2016,0.0492898203277358
GAB,2017,0.0
GAB,2018,0.01136364601927965
GAB,2019,0.00856641218689742
GAB,2020,0.00027719716993518764
GAB,2021,0.07374006827246714
GAB,2022,0.07187985368747725
GBR,2009,0.7512867837735927
GBR,2010,0.7500284484952167
GBR,2011,0.7459222897571234
GBR,2012,0.75887369188394
GBR,2013,0.7388277154554383
GBR,2014,0.8080596858253419
GBR,2015,0.8008613504985986
GBR,2016,0.8062777086872782
GBR,2017,0.7779203597693767
GBR,2018,0.7644405770903892
GBR,2019,0.7225606338579643
GBR,2020,0.7147597002505754
GBR,2021,0.7004351557647436
GBR,2022,0.688765194127237
GEO,2009,0.2936351385878003
GEO,2010,0.3353520054375352
GEO,2011,0.4436155400093035
GEO,2012,0.4667047374310103
GEO,2013,0.4462236509906579
GEO,2014,0.4392208766005914
GEO,2015,0.4196828553256269
GEO,2016,0.4614621421935858
GEO,2017,0.47314530680876904
GEO,2018,0.4301834057002483
GEO,2019,0.43323613675905714
GEO,2020,0.36682702184158134
GEO,2021,0.41368667726085795
GEO,2022,0.4107068240243735
GHA,2009,0.29191296701693553
GHA,2010,0.2781830467361226
GHA,2011,0.26813136492187134
GHA,2012,0.27336549587410214
GHA,2013,0.23715724465359472
GHA,2014,0.2373236871419795
GHA,2015,0.23806115841488182
GHA,2016,0.2719267307943571
GHA,2017,0.278083730277807
GHA,2018,0.26158556389035276
GHA,2019,0.24824856291797306
GHA,2020,0.2627318699423036
GHA,2021,0.2515730661608401
GHA,2022,0.24445394870015702
GIN,2009,0.0
GIN,2010,0.0
GIN,2011,0.0
GIN,2012,0.0
GIN,2013,0.0
GIN,2014,0.0
GIN,2015,0.0
GIN,2016,0.0
GIN,2017,0.0
GIN,2018,0.0
GIN,2019,0.04503176198508467
GIN,2020,0.0007979631334953697
GIN,2021,0.0018657702934181753
GIN,2022,0.0
GMB,2009,0.05362225980205076
GMB,2010,0.05730095579754187
GMB,2011,0.06126256807458557
GMB,2012,0.07762854128208364
GMB,2013,0.06681023706600028
GMB,2014,0.08931415694510283
GMB,2015,0.059065285391186245
GMB,2016,0.0664177426058586
GMB,2017,0.09550213767320034
GMB,2018,0.10195133473934148
GMB,2019,0.09090152088498642
GMB,2020,0.07414632128112804
GMB,2021,0.09840564893975186
GMB,2022,0.10190061438945505
GNB,2009,0.0
GNB,2010,0.0
GNB,2011,0.0
GNB,2012,0.0
GNB,2013,0.0
GNB,2014,0.0
GNB,2015,0.0
GNB,2016,0.0
GNB,2017,0.0
GNB,2018,0.0
GNB,2019,0.0
GNB,2020,0.0
GNB,2021,0.0
GNB,2022,0.0
GNQ,2009,0.0
GNQ,2010,0.0
GNQ,2011,0.0
GNQ,2012,0.0
GNQ,2013,0.0
GNQ,2014,0.0
GNQ,2015,0.0
GNQ,2016,0.0
GNQ,2017,0.0
GNQ,2018,0.0
GNQ,2019,0.0
GNQ,2020,0.0
GNQ,2021,0.0
GNQ,2022,0.0
GRC,2009,0.4279273959106979
GRC,2010,0.3656070863126364
GRC,2011,0.3497440681210901
GRC,2012,0.34028603009272346
GRC,2013,0.3957102675831799
GRC,2014,0.3461127590504287
GRC,2015,0.3255116366273869
GRC,2016,0.29353814245476945
GRC,2017,0.35185111956348597
GRC,2018,0.3772006406189346
GRC,2019,0.416115110095513
GRC,2020,0.45786821977258324
GRC,2021,0.45328858395384597
GRC,2022,0.450308992162464
GRD,2009,0.4419385330798971
GRD,2010,0.44966972620619167
GRD,2011,0.4494028234371678
GRD,2012,0.4494700475091504
GRD,2013,0.42981810153076755
GRD,2014,0.3453175084098719
GRD,2015,0.27694807811378336
GRD,2016,0.2771426913119635
GRD,2017,0.2772058629848573
GRD,2018,0.21560060574215828
GRD,2019,0.2356657657050563
GRD,2020,0.23470002017702574
GRD,2021,0.23527314052236337
GRD,2022,0.2517764050893165
GTM,2009,0.07605114493673319
GTM,2010,0.06761960574209264
GTM,2011,0.04344658764793462
GTM,2012,0.03988364647157936
GTM,2013,0.05524442862120614
GTM,2014,0.07912534717458564
GTM,2015,0.05280547262117503
GTM,2016,0.04527876224568007
GTM,2017,0.0379418936952448
GTM,2018,0.01606603031364456
GTM,2019,0.011887255198329609
GTM,2020,0.012369948218836599
GTM,2021,0.02283383091783113
GTM,2022,0.0
GUM,2009,0.17404573681406524
GUM,2010,0.1747983065416375
GUM,2011,0.17435558194117626
GUM,2012,0.17446708827739638
GUM,2013,0.1745916015074666
GUM,2014,0.5170930193569379
GUM,2015,0.516164333672188
GUM,2016,0.5164871530125109
GUM,2017,0.5165919924986171
GUM,2018,0.517167498530515
GUM,2019,0.5177284289979482
GUM,2020,0.5161263914516863
GUM,2021,0.5170771038863226
GUM,2022,0.5775227867381187
GUY,2009,0.23804749790827573
GUY,2010,0.2521886713353354
GUY,2011,0.2513951854492205
GUY,2012,0.25971616604613756
GUY,2013,0.2584139406711779
GUY,2014,0.23514699326040278
GUY,2015,0.22741135556736558
GUY,2016,0.22750648890404138
GUY,2017,0.2133969176537475
GUY,2018,0.23834414005771007
GUY,2019,0.23851371988732498
GUY,2020,0.17943500275399735
GUY,2021,0.21950440597090937
GUY,2022,0.22390557282654638
HND,2009,0.05483768540297741
HND,2010,0.06170862610010379
HND,2011,0.06872718523823462
HND,2012,0.04122521933446695
HND,2013,0.0030228609558475153
HND,2014,0.06971597061592348
HND,2015,0.08455843784982578
HND,2016,0.12517167956059475
HND,2017,0.12908204859754635
HND,2018,0.09384415087500118
HND,2019,0.09862219084590494
HND,2020,0.07575371845199168
HND,2021,0.048057368114508246
HND,2022,0.041845890007823384
HRV,2009,0.40380607858556106
HRV,2010,0.35987709204285945
HRV,2011,0.3447441593000696
HRV,2012,0.3972547872068898
HRV,2013,0.4019422037691363
HRV,2014,0.40521948349036263
HRV,2015,0.35002518696756296
HRV,2016,0.35270480318445363
HRV,2017,0.39817144641692426
HRV,2018,0.42715479295214587
HRV,2019,0.40308654898281837
HRV,2020,0.4313719351362544
HRV,2021,0.5131195440083677
HRV,2022,0.5001891555316652
HTI,2009,0.0
HTI,2010,0.0
HTI,2011,0.0
HTI,2012,0.0
HTI,2013,0.0
HTI,2014,0.0
HTI,2015,0.0
HTI,2016,0.0
HTI,2017,0.0
HTI,2018,0.0
HTI,2019,0.0
HTI,2020,0.0
HTI,2021,0.0
HTI,2022,0.0
HUN,2009,0.44320255478925263
HUN,2010,0.41332846478978275
HUN,2011,0.41938189933200115
HUN,2012,0.40738451038423995
HUN,2013,0.4528121002545233
HUN,2014,0.48385138571460035
HUN,2015,0.45557531354294123
HUN,2016,0.4475913030025205
HUN,2017,0.4647057281772263
HUN,2018,0.4706686046720631
HUN,2019,0.4373084383563757
HUN,2020,0.5016820070669918
HUN,2021,0.522407217871812
HUN,2022,0.48107013271410926
IDN,2009,0.15819794779974009
IDN,2010,0.1833915495321799
IDN,2011,0.1591245746043077
IDN,2012,0.1821028866219132
IDN,2013,0.21272304290203015
IDN,2014,0.3704124472967524
IDN,2015,0.24564633445142509
IDN,2016,0.30605286589912045
IDN,2017,0.3172848089480109
IDN,2018,0.34895221626686584
IDN,2019,0.36817732043476487
IDN,2020,0.33597561736829484
IDN,2021,0.3141862596349873
IDN,2022,0.3422030109455953
IND,2009,0.23558439091690037
IND,2010,0.22881525040656378
IND,2011,0.24238366297530145
IND,2012,0.2371124068185144
IND,2013,0.2469350300423299
IND,2014,0.2617095869108555
IND,2015,0.3958120024086937
IND,2016,0.3890386787767166
IND,2017,0.3814108871884644
IND,2018,0.43002251892029186
IND,2019,0.4313154303134746
IND,2020,0.3802694505515478
IND,2021,0.34455742213560253
IND,2022,0.3769893602954696
IRL,2009,0.639799794491077
IRL,2010,0.6040647915867489
IRL,2011,0.67260174283227
IRL,2012,0.7144933530523944
IRL,2013,0.7040360064809625
IRL,2014,0.7459026486937973
IRL,2015,0.7278662700457312
IRL,2016,0.728888977925471
IRL,2017,0.7160849001139181
IRL,2018,0.7424479457898808
IRL,2019,0.692130025277166
IRL,2020,0.7564443113107883
IRL,2021,0.7950354385568387
IRL,2022,0.8235829561061777
IRN,2009,0.022361759104613566
IRN,2010,0.058914758373416656
IRN,2011,0.09064710211960764
IRN,2012,0.09211469152190396
IRN,2013,0.08026371183154776
IRN,2014,0.18197752369525982
IRN,2015,0.2034368723479257
IRN,2016,0.19972461333739966
IRN,2017,0.201611691406672
IRN,2018,0.17698607915943304
IRN,2019,0.12975288404994673
IRN,2020,0.03502066952299798
IRN,2021,0.05152135231956382
IRN,2022,0.03485112237402086
IRQ,2009,0.0
IRQ,2010,0.0
IRQ,2011,0.0
IRQ,2012,0.0
IRQ,2013,0.0
IRQ,2014,0.0
IRQ,2015,0.0
IRQ,2016,0.0
IRQ,2017,0.0
IRQ,2018,0.0
IRQ,2019,0.0
IRQ,2020,0.0
IRQ,2021,0.0
IRQ,2022,0.0
ISL,2009,0.8008155322443838
ISL,2010,0.7322703127974959
ISL,2011,0.731346725292245
ISL,2012,0.7474828555739997
ISL,2013,0.7656749574612478
ISL,2014,0.7229980968757375
ISL,2015,0.7219072825467941
ISL,2016,0.7180838440064264
ISL,2017,0.7460669996213621
ISL,2018,0.7836592758532767
ISL,2019,0.7823592074004126
ISL,2020,0.7771487372299589
ISL,2021,0.8545560632746823
ISL,2022,0.799797236250749
ISR,2009,
ISR,2010,
ISR,2011,
ISR,2012,
ISR,2013,
ISR,2014,
ISR,2015,
ISR,2016,
ISR,2017,
ISR,2018,
ISR,2019,
ISR,2020,
ISR,2021,
ISR,2022,
ITA,2009,0.383428753170267
ITA,2010,0.3759777965132243
ITA,2011,0.35601930615214966
ITA,2012,0.3991648397645451
ITA,2013,0.4195587669438486
ITA,2014,0.3833915952850729
ITA,2015,0.3871014032477625
ITA,2016,0.4079172374612399
ITA,2017,0.3928986215895221
ITA,2018,0.4083114313145479
ITA,2019,0.415996054531958
ITA,2020,0.44512071214508575
ITA,2021,0.4539592560030573
ITA,2022,0.500724529740328
JAM,2009,0.3310635867823552
JAM,2010,0.3244752028797655
JAM,2011,0.32030100305374415
JAM,2012,0.3163992943858128
JAM,2013,0.33254777794866114
JAM,2014,0.41387978714969864
JAM,2015,0.40804181605258544
JAM,2016,0.421363064957539
JAM,2017,0.4163454432308235
JAM,2018,0.42949580508064955
JAM,2019,0.43005219293942654
JAM,2020,0.3925057349617267
JAM,2021,0.37711616117018637
JAM,2022,0.34928804250103873
JOR,2009,0.3388512847314295
JOR,2010,0.2909455220957387
JOR,2011,0.31023553001033555
JOR,2012,0.338131722448049
JOR,2013,0.3449332494704593
JOR,2014,0.3905782963047545
JOR,2015,0.3909902684250331
JOR,2016,0.3846016285807603
JOR,2017,0.3566986058897437
JOR,2018,0.29549051643839347
JOR,2019,0.26975451416016083
JOR,2020,0.30333762778701295
JOR,2021,0.3062721202982121
JOR,2022,0.31280419546184896
JPN,2009,0.6995025157228182
JPN,2010,0.7015262642194272
JPN,2011,0.7012574986540479
JPN,2012,0.6956998620681
JPN,2013,0.7403967455575085
JPN,2014,0.8456025162522446
JPN,2015,0.8236677296806663
JPN,2016,0.858860822248769
JPN,2017,0.825779715899372
JPN,2018,0.8625083409157859
JPN,2019,0.8663085762033059
JPN,2020,0.8560430976564779
JPN,2021,0.8063428085178029
JPN,2022,0.929781727980881
KAZ,2009,0.017452473692249938
KAZ,2010,0.006829665051567751
KAZ,2011,0.021084272972478512
KAZ,2012,0.06350936192427253
KAZ,2013,0.0734472170770189
KAZ,2014,0.2639501060780822
KAZ,2015,0.2623882983969689
KAZ,2016,0.23098521207675057
KAZ,2017,0.27013132191415196
KAZ,2018,0.2322556391911176
KAZ,2019,0.2854334749995408
KAZ,2020,0.2832026619817447
KAZ,2021,0.2719421560554051
KAZ,2022,0.3185193200414207
KEN,2009,0.06916147823413964
KEN,2010,0.10223144048604212
KEN,2011,0.09260617563398311
KEN,2012,0.11297405634494909
KEN,2013,0.12928757712875658
KEN,2014,0.1303122458467648
KEN,2015,0.1459961087818168
KEN,2016,0.16265918166767887
KEN,2017,0.1669973729342487
KEN,2018,0.15338618141061264
KEN,2019,0.17087440772063073
KEN,2020,0.1432496279799594
KEN,2021,0.15278073991447735
KEN,2022,0.15746292757467376
KGZ,2009,0.0
KGZ,2010,0.014565923676723377
KGZ,2011,0.0
KGZ,2012,0.0
KGZ,2013,0.0
KGZ,2014,0.0
KGZ,2015,0.0
KGZ,2016,0.0
KGZ,2017,0.032806752394951816
KGZ,2018,0.08903522770136353
KGZ,2019,0.047023516137274395
KGZ,2020,0.07452878278546125
KGZ,2021,0.0
KGZ,2022,0.0
KHM,2009,0.003483755990933113
KHM,2010,6.049186059300654e-05
KHM,2011,0.02172144736793114
KHM,2012,0.03704487554853632
KHM,2013,0.0
KHM,2014,0.0706493296318807
KHM,2015,0.07335463283009289
KHM,2016,0.07907900603016592
KHM,2017,0.11339485223743737
KHM,2018,0.1075773392195955
KHM,2019,0.09773788546730598
KHM,2020,0.07315547702325664
KHM,2021,0.055851242704129306
KHM,2022,0.11495466639964404
KIR,2009,0.060980599531529886
KIR,2010,0.04790520706484797
KIR,2011,0.05960807810463279
KIR,2012,0.04227982351671274
KIR,2013,0.042352668658399005
KIR,2014,0.13148731085999193
KIR,2015,0.1309441259788916
KIR,2016,0.13113295470417843
KIR,2017,0.1311942635807168
KIR,2018,0.13153087415019749
KIR,2019,0.17672659489519313
KIR,2020,0.18208265730710657
KIR,2021,0.18275483266565695
KIR,2022,0.1826536207303485
KNA,2009,0.5898794339373652
KNA,2010,0.6809960260998031
KNA,2011,0.6805533014993418
KNA,2012,0.680664807835562
KNA,2013,0.6807893537462697
KNA,2014,0.40460466265117484
KNA,2015,0.516164333672188
KNA,2016,0.5164871530125109
KNA,2017,0.5165919924986171
KNA,2018,0.517167498530515
KNA,2019,0.5177284289979482
KNA,2020,0.5161263914516863
KNA,2021,0.40458877986119746
KNA,2022,0.4920906973976211
KOR,2009,0.6012740938819295
KOR,2010,0.6819038288569901
KOR,2011,0.6985212142111883
KOR,2012,0.7018527111105475
KOR,2013,0.6660949298016632
KOR,2014,0.6538395272183632
KOR,2015,0.657753785251215
KOR,2016,0.6538258667117571
KOR,2017,0.6526422066907853
KOR,2018,0.7192373397986964
KOR,2019,0.7980410768165581
KOR,2020,0.7862287256400976
KOR,2021,0.7975668154006067
KOR,2022,0.751261488959925
KWT,2009,0.30086174266625243
KWT,2010,0.3082681229333173
KWT,2011,0.2770512182067232
KWT,2012,0.275336824627658
KWT,2013,0.27151436650642474
KWT,2014,0.3121681322080823
KWT,2015,0.3438251797647503
KWT,2016,0.2651988005683032
KWT,2017,0.26373098240154186
KWT,2018,0.30800050119026146
KWT,2019,0.2294270319464349
KWT,2020,0.22946484344438492
KWT,2021,0.27581291615932696
KWT,2022,0.3751487214125303
LAO,2009,0.0
LAO,2010,0.0
LAO,2011,0.0
LAO,2012,0.0
LAO,2013,0.035464962794074247
LAO,2014,0.17586268223458956
LAO,2015,0.1504370806543111
LAO,2016,0.18040571573897554
LAO,2017,0.18984182505936925
LAO,2018,0.05397341325535819
LAO,2019,0.018677409358780688
LAO,2020,0.015802755095417977
LAO,2021,0.02324845016977264
LAO,2022,0.033954888562620224
LBN,2009,0.16107028173781773
LBN,2010,0.1865248383631997
LBN,2011,0.18131737481142451
LBN,2012,0.18111736930800512
LBN,2013,0.15967011249133095
LBN,2014,0.17898894472847912
LBN,2015,0.17373376744549632
LBN,2016,0.18575083013722174
LBN,2017,0.19358192797331247
LBN,2018,0.1028176657671433
LBN,2019,0.06275590981947933
LBN,2020,0.0
LBN,2021,0.0
LBN,2022,0.0
LBR,2009,0.0
LBR,2010,0.0
LBR,2011,0.0
LBR,2012,0.0
LBR,2013,0.0
LBR,2014,0.0
LBR,2015,0.0
LBR,2016,0.0
LBR,2017,0.0
LBR,2018,0.0
LBR,2019,0.0
LBR,2020,0.0
LBR,2021,0.0
LBR,2022,0.0
LBY,2009,0.0
LBY,2010,0.0
LBY,2011,0.0
LBY,2012,0.0
LBY,2013,0.0
LBY,2014,0.0
LBY,2015,0.0
LBY,2016,0.0
LBY,2017,0.0
LBY,2018,0.0
LBY,2019,0.0
LBY,2020,0.0
LBY,2021,0.0
LBY,2022,0.0
LCA,2009,0.5553560003187016
LCA,2010,0.6147004763987297
LCA,2011,0.6143757942620511
LCA,2012,0.5375094961763327
LCA,2013,0.5375845636013905
LCA,2014,0.3513695703653022
LCA,2015,0.31135575691331113
LCA,2016,0.33127735083429416
LCA,2017,0.33134055518782574
LCA,2018,0.3316874601582174
LCA,2019,0.36447721862150584
LCA,2020,0.30480770091778336
LCA,2021,0.22301159397915457
LCA,2022,0.3258018733718097
LKA,2009,0.23487290075105985
LKA,2010,0.2054893471251725
LKA,2011,0.2126500343571545
LKA,2012,0.20926353594435504
LKA,2013,0.219155344078422
LKA,2014,0.31177717373791786
LKA,2015,0.29547868604750493
LKA,2016,0.25401012668387807
LKA,2017,0.24327744573886637
LKA,2018,0.23423389623989
LKA,2019,0.2428079883766736
LKA,2020,0.22904793654779648
LKA,2021,0.18920886646619492
LKA,2022,0.10147991653888022
LSO,2009,0.15717174309175463
LSO,2010,0.1510344500329061
LSO,2011,0.14344116919818511
LSO,2012,0.12132569138013566
LSO,2013,0.11832390943567792
LSO,2014,0.10310267360951597
LSO,2015,0.07985615159737401
LSO,2016,0.06319203293110222
LSO,2017,0.05924326414471927
LSO,2018,0.05963291538937146
LSO,2019,0.04571531020559452
LSO,2020,0.034550721951237984
LSO,2021,0.03290865062365442
LSO,2022,0.021692426961552637
LTU,2009,0.44146257227077945
LTU,2010,0.4547768928805165
LTU,2011,0.45549181451332743
LTU,2012,0.496657424364422
LTU,2013,0.4977276498915427
LTU,2014,0.5257870167538596
LTU,2015,0.5535293487487466
LTU,2016,0.542343191273433
LTU,2017,0.5139174090999497
LTU,2018,0.5475552954757774
LTU,2019,0.5442320667777851
LTU,2020,0.5795682024975981
LTU,2021,0.5859651432238755
LTU,2022,0.5743462941039096
LUX,2009,0.888039631678754
LUX,2010,0.8708336680375321
LUX,2011,0.903015239831109
LUX,2012,0.8881764655092796
LUX,2013,0.8658851331791548
LUX,2014,0.864899779268436
LUX,2015,0.8869114307001519
LUX,2016,0.8846575778326972
LUX,2017,0.9015607553645757
LUX,2018,0.9008308659996461
LUX,2019,0.9139057028954848
LUX,2020,0.9139899208991306
LUX,2021,0.9037852936999116
LUX,2022,0.9084662394958711
LVA,2009,0.4058416247924207
LVA,2010,0.449263898045822
LVA,2011,0.45234316578253553
LVA,2012,0.4654011394692625
LVA,2013,0.496724060184924
LVA,2014,0.5519250235578377
LVA,2015,0.5150286488275265
LVA,2016,0.4910592311069474
LVA,2017,0.4854443053629122
LVA,2018,0.5269457741288175
LVA,2019,0.5370942559922727
LVA,2020,0.5264271977679909
LVA,2021,0.5535689250011389
LVA,2022,0.5038898455964049
MAR,2009,0.17541165675212367
MAR,2010,0.22791859174687124
MAR,2011,0.21209969241637303
MAR,2012,0.20037165728547165
MAR,2013,0.1945627392753748
MAR,2014,0.17800512680773764
MAR,2015,0.18886853030400375
MAR,2016,0.2204723084210356
MAR,2017,0.1801260021599287
MAR,2018,0.16278460995560726
MAR,2019,0.22255524155272507
MAR,2020,0.24725546369609253
MAR,2021,0.22553842821426653
MAR,2022,0.22689683160562782
MDA,2009,0.022241396315545975
MDA,2010,0.06868672660862135
MDA,2011,0.07679600203378144
MDA,2012,0.08229399645571946
MDA,2013,0.10229810898718192
MDA,2014,0.11450782403881862
MDA,2015,0.06059794194336979
MDA,2016,0.06957586872161643
MDA,2017,0.13455435603816285
MDA,2018,0.19565937075784925
MDA,2019,0.17685829786558174
MDA,2020,0.1771645808031711
MDA,2021,0.19744317801163055
MDA,2022,0.22239569467891893
MDG,2009,0.08998636498429137
MDG,2010,0.051581974902708085
MDG,2011,0.02366306942171415
MDG,2012,0.0
MDG,2013,0.0
MDG,2014,0.0
MDG,2015,0.0
MDG,2016,0.0
MDG,2017,0.0
MDG,2018,0.0
MDG,2019,0.0
MDG,2020,0.0
MDG,2021,0.0
MDG,2022,0.0
MDV,2009,0.21485591204829882
MDV,2010,0.26423740156510184
MDV,2011,0.2343881161697325
MDV,2012,0.2535938080387702
MDV,2013,0.23452619186449508
MDV,2014,0.2099432278496029
MDV,2015,0.19025951629126522
MDV,2016,0.244406431052776
MDV,2017,0.16495205521668274
MDV,2018,0.16535892915746242
MDV,2019,0.26842039248269506
MDV,2020,0.23399258241027415
MDV,2021,0.3141933513333929
MDV,2022,0.19381830702661818
MEX,2009,0.3000801852129395
MEX,2010,0.2431046305261079
MEX,2011,0.29844072833638097
MEX,2012,0.3308901833181161
MEX,2013,0.33894092772095225
MEX,2014,0.30907062867546875
MEX,2015,0.29879867936235366
MEX,2016,0.3079701408777326
MEX,2017,0.2693830333501333
MEX,2018,0.2573188124980432
MEX,2019,0.26328652572727657
MEX,2020,0.2509994882865731
MEX,2021,0.25117037534170056
MEX,2022,0.23755081757478422
MHL,2009,0.0
MHL,2010,0.013133858127730168
MHL,2011,0.0
MHL,2012,0.0
MHL,2013,0.0
MHL,2014,0.0
MHL,2015,0.16260418015423822
MHL,2016,0.16283242172872858
MHL,2017,0.1629065414152902
MHL,2018,0.1568246420375358
MHL,2019,0.15722125425804198
MHL,2020,0.195872415835756
MHL,2021,0.196544591194307
MHL,2022,0.21185997993801003
MKD,2009,0.18943142160970602
MKD,2010,0.095234025720577
MKD,2011,0.15041371399827436
MKD,2012,0.23475110001392846
MKD,2013,0.23896043152559948
MKD,2014,0.31207335835842276
MKD,2015,0.24249582292427782
MKD,2016,0.22629554055049517
MKD,2017,0.23353364821345735
MKD,2018,0.2770308254887275
MKD,2019,0.22748949497237797
MKD,2020,0.23595737503626732
MKD,2021,0.24037151610511634
MKD,2022,0.26974850092280317
MLI,2009,0.0030993663289688987
MLI,2010,0.0
MLI,2011,0.0
MLI,2012,0.0
MLI,2013,0.0
MLI,2014,0.0
MLI,2015,0.0
MLI,2016,0.0
MLI,2017,0.0
MLI,2018,0.0
MLI,2019,0.0
MLI,2020,0.0
MLI,2021,0.0
MLI,2022,0.0
MLT,2009,0.589505436718226
MLT,2010,0.5889260090097904
MLT,2011,0.5890960136876969
MLT,2012,0.6164081377664051
MLT,2013,0.6543606199883015
MLT,2014,0.6140066664579463
MLT,2015,0.5958523760686486
MLT,2016,0.6289939742786386
MLT,2017,0.5967424659201406
MLT,2018,0.5974923231547743
MLT,2019,0.5908829256020705
MLT,2020,0.6183611326821475
MLT,2021,0.6003496893607333
MLT,2022,0.5644573291853324
MMR,2009,0.0
MMR,2010,0.0
MMR,2011,0.0
MMR,2012,0.0
MMR,2013,0.0
MMR,2014,0.0
MMR,2015,0.0
MMR,2016,0.0
MMR,2017,0.0
MMR,2018,0.0
MMR,2019,0.0
MMR,2020,0.0
MMR,2021,0.0
MMR,2022,0.0
MNE,2009,0.21966758039551312
MNE,2010,0.15608697468080654
MNE,2011,0.15783960460611365
MNE,2012,0.23567534113193567
MNE,2013,0.2633245986703294
MNE,2014,0.36827863041198716
MNE,2015,0.36870119105891735
MNE,2016,0.3477665300463496
MNE,2017,0.3598652943326087
MNE,2018,0.32836560404701326
MNE,2019,0.331528305452065
MNE,2020,0.29566578269898797
MNE,2021,0.2580718724351827
MNE,2022,0.2724345879059809
MNG,2009,0.061348583513311045
MNG,2010,0.09048582317199708
MNG,2011,0.08815275243848211
MNG,2012,0.08747096897241419
MNG,2013,0.1027040678701028
MNG,2014,0.16651768653242058
MNG,2015,0.15731043971863537
MNG,2016,0.14884164459688756
MNG,2017,0.11996137279332977
MNG,2018,0.16892667438757625
MNG,2019,0.15547143486758686
MNG,2020,0.16426468336154904
MNG,2021,0.1510842880055719
MNG,2022,0.16850538828552075
MOZ,2009,0.1198535266885448
MOZ,2010,0.054330547265385526
MOZ,2011,0.03651891336356378
MOZ,2012,0.08385681723660529
MOZ,2013,0.08842060294600292
MOZ,2014,0.0793027049960002
MOZ,2015,0.07654037408480324
MOZ,2016,0.043122493762736844
MOZ,2017,0.04065693572352544
MOZ,2018,0.0415642155905074
MOZ,2019,0.05368000648906774
MOZ,2020,0.0
MOZ,2021,0.0
MOZ,2022,0.014255784423872047
MRT,2009,0.016668563233014435
MRT,2010,0.09769167504543749
MRT,2011,0.10099268090971651
MRT,2012,0.05355725801343945
MRT,2013,0.0
MRT,2014,0.0
MRT,2015,0.0
MRT,2016,0.0
MRT,2017,0.0
MRT,2018,0.0
MRT,2019,0.0
MRT,2020,0.0
MRT,2021,0.0
MRT,2022,0.0
MUS,2009,0.5263310513315431
MUS,2010,0.5057810741066796
MUS,2011,0.5101704105714281
MUS,2012,0.5895172344284767
MUS,2013,0.568821926407256
MUS,2014,0.6101259714401291
MUS,2015,0.6122847890128218
MUS,2016,0.6257825460426067
MUS,2017,0.6023528163748819
MUS,2018,0.5712292148692457
MUS,2019,0.5470351504443357
MUS,2020,0.5379943787995735
MUS,2021,0.5075519071472488
MUS,2022,0.5053285453148744
MWI,2009,0.08575667343526248
MWI,2010,0.08876724647129176
MWI,2011,0.07526586189070951
MWI,2012,0.07780475528117471
MWI,2013,0.07970134341605084
MWI,2014,0.08874887995284052
MWI,2015,0.07477329931758282
MWI,2016,0.06710985315347566
MWI,2017,0.07715264583424157
MWI,2018,0.0590191403305937
MWI,2019,0.041918179578666816
MWI,2020,0.021532193794352106
MWI,2021,0.0439683340306292
MWI,2022,0.010734576422005109
MYS,2009,0.496880992607705
MYS,2010,0.5800683796593357
MYS,2011,0.5607650707251487
MYS,2012,0.5524833722548835
MYS,2013,0.5507792077154541
MYS,2014,0.5665321248382063
MYS,2015,0.5395017405380893
MYS,2016,0.5201387240786167
MYS,2017,0.5148436764175014
MYS,2018,0.5469211603796418
MYS,2019,0.5332090183657994
MYS,2020,0.549631365673526
MYS,2021,0.528754614751164
MYS,2022,0.5229000745706793
NAM,2009,0.4207960232108347
NAM,2010,0.3449547206495028
NAM,2011,0.32801177078140514
NAM,2012,0.39615351507384605
NAM,2013,0.375742005711399
NAM,2014,0.36954314233090985
NAM,2015,0.3617976677658908
NAM,2016,0.34290440279435136
NAM,2017,0.35383418066601696
NAM,2018,0.36860899897964505
NAM,2019,0.3598426466506039
NAM,2020,0.3151032456513999
NAM,2021,0.3182843462555407
NAM,2022,0.32017158772800214
NCL,2009,
NCL,2010,
NCL,2011,
NCL,2012,
NCL,2013,
NCL,2014,
NCL,2015,
NCL,2016,
NCL,2017,
NCL,2018,
NCL,2019,
NCL,2020,
NCL,2021,
NCL,2022,
NER,2009,0.04299428762059398
NER,2010,0.025916530121515104
NER,2011,0.038777570284777095
NER,2012,0.07334548225150507
NER,2013,0.05778672079800365
NER,2014,0.07369859654308134
NER,2015,0.07302377405286771
NER,2016,0.08113275535228809
NER,2017,0.05209296935556198
NER,2018,0.06587259688648948
NER,2019,0.0489071300589382
NER,2020,0.05128324119245402
NER,2021,0.05712523200801829
NER,2022,0.0553433855925055
NGA,2009,0.0
NGA,2010,0.0
NGA,2011,0.0
NGA,2012,0.0
NGA,2013,0.0
NGA,2014,0.0
NGA,2015,0.0
NGA,2016,0.0
NGA,2017,0.0
NGA,2018,0.0
NGA,2019,0.0
NGA,2020,0.0
NGA,2021,0.0
NGA,2022,0.0
NIC,2009,0.0
NIC,2010,0.0
NIC,2011,0.004287144110305556
NIC,2012,0.019742667428953413
NIC,2013,0.02605542283222332
NIC,2014,0.01741515240386679
NIC,2015,0.019416351260384653
NIC,2016,0.009233620088500457
NIC,2017,0.10346546136988505
NIC,2018,0.014252908527744438
NIC,2019,0.023079850759292125
NIC,2020,0.0052680207736434965
NIC,2021,0.019362264804802794
NIC,2022,0.0
NLD,2009,0.8468222883780004
NLD,2010,0.833530125240701
NLD,2011,0.8719338290288902
NLD,2012,0.8938014568897613
NLD,2013,0.8839213157433939
NLD,2014,0.8925666516706112
NLD,2015,0.8962132225991316
NLD,2016,0.9073071879951728
NLD,2017,0.9212676374951231
NLD,2018,0.9293926649877098
NLD,2019,0.9406333337668965
NLD,2020,0.9327254691125814
NLD,2021,0.871879317725017
NLD,2022,0.8429368546677002
NOR,2009,0.8500812996226889
NOR,2010,0.8478422510841637
NOR,2011,0.8585969914596996
NOR,2012,0.9035324762857854
NOR,2013,0.8981959568952844
NOR,2014,0.9046960703951396
NOR,2015,0.8958913836779431
NOR,2016,0.9067979256161232
NOR,2017,0.9405451614060752
NOR,2018,0.8992750388752527
NOR,2019,0.9016432412944173
NOR,2020,0.9033494973946667
NOR,2021,0.9170110824618115
NOR,2022,0.8613277201941308
NPL,2009,0.00885302138052295
NPL,2010,0.03979266357590622
NPL,2011,0.0058784950880020745
NPL,2012,0.0
NPL,2013,0.0
NPL,2014,0.0
NPL,2015,0.0
NPL,2016,0.0
NPL,2017,0.0
NPL,2018,0.0
NPL,2019,0.0
NPL,2020,0.0
NPL,2021,0.0
NPL,2022,0.0
NRU,2009,0.17197378437668118
NRU,2010,0.1752862611448331
NRU,2011,0.17333751471200642
NRU,2012,0.17382834521132934
NRU,2013,0.17437649754937729
NRU,2014,0.19654432974920416
NRU,2015,0.2686917724990994
NRU,2016,0.2515310715412496
NRU,2017,0.25163081284785677
NRU,2018,0.35922524404102885
NRU,2019,0.2527123131950232
NRU,2020,0.2511877614410174
NRU,2021,0.2520924922182499
NRU,2022,0.25195624663920485
NZL,2009,0.9089392263669477
NZL,2010,0.857105185704783
NZL,2011,0.9075670644270668
NZL,2012,0.9108464357091133
NZL,2013,0.8986297270009848
NZL,2014,0.9307061325020773
NZL,2015,0.903433976843415
NZL,2016,0.861769921904387
NZL,2017,0.8503286920509381
NZL,2018,0.8228477397972845
NZL,2019,0.8164005362500497
NZL,2020,0.8189300502974624
NZL,2021,0.789979809248346
NZL,2022,0.8074768266499359
OMN,2009,0.35251577837533954
OMN,2010,0.3704643114689626
OMN,2011,0.2925516120410894
OMN,2012,0.28281359898857344
OMN,2013,0.2612527442748588
OMN,2014,0.3114648122016952
OMN,2015,0.2924428508784457
OMN,2016,0.31885802217172116
OMN,2017,0.302336881295884
OMN,2018,0.30252626559201395
OMN,2019,0.33280366734274186
OMN,2020,0.2993927806771676
OMN,2021,0.2997056651035953
OMN,2022,0.4121585959979682
PAK,2009,0.011647150552312559
PAK,2010,0.012142066131362162
PAK,2011,0.0
PAK,2012,0.05367422201617472
PAK,2013,0.050421877621599914
PAK,2014,0.04316837737822719
PAK,2015,0.06657647246371941
PAK,2016,0.09276448064355232
PAK,2017,0.12842493901302773
PAK,2018,0.10031828326779481
PAK,2019,0.10376115578082244
PAK,2020,0.0651443742340887
PAK,2021,0.09714907841581784
PAK,2022,0.043210045191439554
PAN,2009,0.2979604536830719
PAN,2010,0.3061344040904655
PAN,2011,0.30705766478933827
PAN,2012,0.3417970847433122
PAN,2013,0.3361958521865209
PAN,2014,0.34004631761436044
PAN,2015,0.3710200783956212
PAN,2016,0.395981157390017
PAN,2017,0.3783398549724799
PAN,2018,0.37259789958926315
PAN,2019,0.4286064015225517
PAN,2020,0.3417607111934256
PAN,2021,0.33480810158240293
PAN,2022,0.2791663090860212
PER,2009,0.13507368405365924
PER,2010,0.20148345258389133
PER,2011,0.2128702038141049
PER,2012,0.23022208650316453
PER,2013,0.23175359923302494
PER,2014,0.2011494891460739
PER,2015,0.18482335363607094
PER,2016,0.21033657200632805
PER,2017,0.24211149862358955
PER,2018,0.21356345818404573
PER,2019,0.2816831103653244
PER,2020,0.231380092223453
PER,2021,0.24770541071751057
PER,2022,0.23718479443127158
PHL,2009,0.25657686397776036
PHL,2010,0.26510236000611515
PHL,2011,0.29219447803106213
PHL,2012,0.33914459345580683
PHL,2013,0.3454676432599877
PHL,2014,0.41461608191963967
PHL,2015,0.39946331202969704
PHL,2016,0.3478059755761907
PHL,2017,0.3237793667394377
PHL,2018,0.3375022606831207
PHL,2019,0.32553598370255804
PHL,2020,0.32543885684697593
PHL,2021,0.3171926495493765
PHL,2022,0.27781679482814525
PLW,2009,0.13157554858208842
PLW,2010,0.0944899529588363
PLW,2011,0.17333751471200642
PLW,2012,0.17382834521132934
PLW,2013,0.17437649754937729
PLW,2014,0.19654432974920416
PLW,2015,0.16164513415695947
PLW,2016,0.16195233215240756
PLW,2017,0.16205207345901476
PLW,2018,0.26964637392963553
PLW,2019,0.27018021214832116
PLW,2020,0.25992169457734754
PLW,2021,0.26082642535458
PLW,2022,0.25195624663920485
PNG,2009,0.04746480278967151
PNG,2010,0.04200004457638997
PNG,2011,0.042810753158632656
PNG,2012,0.05116444707400117
PNG,2013,0.04839760623478623
PNG,2014,0.026317521547488322
PNG,2015,0.026033722888714774
PNG,2016,0.0
PNG,2017,0.033415167829127845
PNG,2018,0.038448868429647634
PNG,2019,0.028619186188064367
PNG,2020,0.0
PNG,2021,0.0
PNG,2022,0.0
POL,2009,0.41877175182402077
POL,2010,0.4450180622617132
POL,2011,0.45520082611423485
POL,2012,0.4622833412605667
POL,2013,0.47995768380293335
POL,2014,0.5631275213520581
POL,2015,0.5510262733373251
POL,2016,0.5112266814662024
POL,2017,0.4698450199185219
POL,2018,0.4923105727288313
POL,2019,0.48283838398429124
POL,2020,0.487228896952001
POL,2021,0.45853523159035947
POL,2022,0.43456427787980306
PRI,2009,0.33616434805166856
PRI,2010,0.33325642489901186
PRI,2011,0.33353643260379906
PRI,2012,0.34766260561810225
PRI,2013,0.33466868598149
PRI,2014,0.38388206629737975
PRI,2015,0.37061670128308755
PRI,2016,0.37076324126304383
PRI,2017,0.10656077529976508
PRI,2018,0.15788156654506666
PRI,2019,0.19155445388399248
PRI,2020,0.13766846133478572
PRI,2021,0.13811749329834497
PRI,2022,0.08691010386625671
PRK,2009,0.0
PRK,2010,0.0
PRK,2011,0.0
PRK,2012,0.0
PRK,2013,0.0
PRK,2014,0.0
PRK,2015,0.0
PRK,2016,0.0
PRK,2017,0.0
PRK,2018,0.0
PRK,2019,0.0
PRK,2020,0.0
PRK,2021,0.0
PRK,2022,0.0
PRT,2009,0.5952381761615793
PRT,2010,0.5060672911326514
PRT,2011,0.5465347445181334
PRT,2012,0.5642104923279261
PRT,2013,0.5649638790714436
PRT,2014,0.5712226133804074
PRT,2015,0.6295855591843409
PRT,2016,0.6234928751961083
PRT,2017,0.6681058674882491
PRT,2018,0.6125908105053086
PRT,2019,0.5973989872531786
PRT,2020,0.6251929546558112
PRT,2021,0.647750830267944
PRT,2022,0.6001130488623249
PRY,2009,0.011558618704475452
PRY,2010,0.015346794836642218
PRY,2011,0.02025447889775266
PRY,2012,0.016392575246678656
PRY,2013,0.01734263406855835
PRY,2014,0.024787969655897392
PRY,2015,0.009438429645678462
PRY,2016,0.04432559876320779
PRY,2017,0.05608961527634191
PRY,2018,0.10286403959220053
PRY,2019,0.11369888021101755
PRY,2020,0.06759319978673922
PRY,2021,0.07755223199278881
PRY,2022,0.10409400807695457
PSE,2009,
PSE,2010,
PSE,2011,
PSE,2012,
PSE,2013,
PSE,2014,
PSE,2015,
PSE,2016,
PSE,2017,
PSE,2018,
PSE,2019,
PSE,2020,
PSE,2021,
PSE,2022,
PYF,2009,
PYF,2010,
PYF,2011,
PYF,2012,
PYF,2013,
PYF,2014,
PYF,2015,
PYF,2016,
PYF,2017,
PYF,2018,
PYF,2019,
PYF,2020,
PYF,2021,
PYF,2022,
QAT,2009,0.6015597553370586
QAT,2010,0.5812938055354333
QAT,2011,0.5955537404003077
QAT,2012,0.5846866439919686
QAT,2013,0.6385834538322916
QAT,2014,0.5873749532585177
QAT,2015,0.6040599548523524
QAT,2016,0.602484846151649
QAT,2017,0.5831596738707646
QAT,2018,0.5295891475183729
QAT,2019,0.5740911890451365
QAT,2020,0.5812506017322436
QAT,2021,0.634681287635431
QAT,2022,0.6547229502197413
ROU,2009,0.10275335027192609
ROU,2010,0.19221336090359087
ROU,2011,0.20778039055845912
ROU,2012,0.2038991072891613
ROU,2013,0.2511305049635679
ROU,2014,0.24983684191571545
ROU,2015,0.262335845973278
ROU,2016,0.22715808062431028
ROU,2017,0.22688248480562762
ROU,2018,0.23275022796378939
ROU,2019,0.2186162769576862
ROU,2020,0.18442435572900434
ROU,2021,0.24072270223906156
ROU,2022,0.33116404706299435
RUS,2009,0.003359634928516648
RUS,2010,0.002036886113010031
RUS,2011,0.0018757052073135137
RUS,2012,0.0
RUS,2013,0.024770420153391134
RUS,2014,0.20104040117705196
RUS,2015,0.1607457303236909
RUS,2016,0.15951893186080476
RUS,2017,0.1952389016717391
RUS,2018,0.212847098603171
RUS,2019,0.2796616168327246
RUS,2020,0.25199206461824863
RUS,2021,0.22786620468445568
RUS,2022,0.1979214264653952
RWA,2009,0.1891810879240533
RWA,2010,0.22267746713814837
RWA,2011,0.22701683490767946
RWA,2012,0.23672066401304245
RWA,2013,0.2630948211058618
RWA,2014,0.25294075085334045
RWA,2015,0.24990337969430398
RWA,2016,0.30541575686494377
RWA,2017,0.3696252360930977
RWA,2018,0.3567225607972611
RWA,2019,0.34094235534193457
RWA,2020,0.35128963352521003
RWA,2021,0.334841403152335
RWA,2022,0.38653053786643404
SAU,2009,0.2503952232933991
SAU,2010,0.29525361449488247
SAU,2011,0.26900050648452484
SAU,2012,0.2638330440334339
SAU,2013,0.2412476513242619
SAU,2014,0.29072437221965386
SAU,2015,0.2939708340994219
SAU,2016,0.3582392365175538
SAU,2017,0.3239456131439956
SAU,2018,0.3528902004427703
SAU,2019,0.351718207409498
SAU,2020,0.30138924084120217
SAU,2021,0.3930756199239207
SAU,2022,0.43420541179597155
SDN,2009,0.0
SDN,2010,0.0
SDN,2011,0.0
SDN,2012,0.0
SDN,2013,0.0
SDN,2014,0.0
SDN,2015,0.0
SDN,2016,0.0
SDN,2017,0.0
SDN,2018,0.0
SDN,2019,0.0
SDN,2020,0.0
SDN,2021,0.0
SDN,2022,0.0
SEN,2009,0.15465134694229196
SEN,2010,0.17280197710015416
SEN,2011,0.18424693254631386
SEN,2012,0.18769898831856777
SEN,2013,0.20711958806186756
SEN,2014,0.2255264017395511
SEN,2015,0.21294383329109903
SEN,2016,0.205740007617203
SEN,2017,0.2564025127750247
SEN,2018,0.23800622226271714
SEN,2019,0.30678321279297943
SEN,2020,0.29397514794361335
SEN,2021,0.3089074869315031
SEN,2022,0.30545454878202855
SGP,2009,0.9723636186329049
SGP,2010,0.9776922619896925
SGP,2011,0.961288869451898
SGP,2012,0.9996995668965792
SGP,2013,0.9767690993327331
SGP,2014,0.9727327137563719
SGP,2015,0.9810009804844956
SGP,2016,1.0
SGP,2017,0.9902833927652519
SGP,2018,0.9906548082140038
SGP,2019,0.9995453796473746
SGP,2020,0.9901433562322205
SGP,2021,0.990997922230409
SGP,2022,0.985519209384781
SLB,2009,0.0
SLB,2010,0.0
SLB,2011,0.0
SLB,2012,0.0027853707608555592
SLB,2013,0.0
SLB,2014,0.0
SLB,2015,0.0
SLB,2016,0.0
SLB,2017,0.0
SLB,2018,0.0
SLB,2019,0.0
SLB,2020,0.0
SLB,2021,0.0
SLB,2022,0.0
SLE,2009,0.0
SLE,2010,0.0
SLE,2011,0.0
SLE,2012,0.0
SLE,2013,0.0
SLE,2014,0.0
SLE,2015,0.0
SLE,2016,0.0
SLE,2017,0.0
SLE,2018,0.0
SLE,2019,0.0
SLE,2020,0.0
SLE,2021,0.0
SLE,2022,0.0
SLV,2009,0.15660689094778357
SLV,2010,0.1981595702731431
SLV,2011,0.17268962106735092
SLV,2012,0.18018554628202513
SLV,2013,0.1914361172944693
SLV,2014,0.22777832644937482
SLV,2015,0.16638124486954833
SLV,2016,0.15999936991730324
SLV,2017,0.15134347814407179
SLV,2018,0.14680057536223706
SLV,2019,0.1534702360110693
SLV,2020,0.21947329400371077
SLV,2021,0.18491283322240434
SLV,2022,0.13961465867786294
SMR,2009,
SMR,2010,
SMR,2011,
SMR,2012,
SMR,2013,
SMR,2014,
SMR,2015,0.7411411451256272
SMR,2016,0.7414639644659502
SMR,2017,0.7415688039520565
SMR,2018,0.7421443099839543
SMR,2019,0.7427052404513875
SMR,2020,0.7411032029051257
SMR,2021,0.742053915339762
SMR,2022,0.644922223023261
SOM,2009,0.0
SOM,2010,0.0
SOM,2011,0.0
SOM,2012,0.0
SOM,2013,0.0
SOM,2014,0.0
SOM,2015,0.0
SOM,2016,0.0
SOM,2017,0.0
SOM,2018,0.0
SOM,2019,0.0
SOM,2020,0.0
SOM,2021,0.0
SOM,2022,0.0
SRB,2009,0.1900433338721284
SRB,2010,0.19006094873590992
SRB,2011,0.1713517737971744
SRB,2012,0.17049027950376963
SRB,2013,0.18538353244883402
SRB,2014,0.3007100391455215
SRB,2015,0.25210023752941174
SRB,2016,0.2853193542122956
SRB,2017,0.30327775685853836
SRB,2018,0.31266053137802025
SRB,2019,0.2878656007462689
SRB,2020,0.2816998101712472
SRB,2021,0.2866583453047956
SRB,2022,0.3245615451248691
SSD,2009,
SSD,2010,
SSD,2011,0.0
SSD,2012,0.0
SSD,2013,0.0
SSD,2014,0.0
SSD,2015,0.0
SSD,2016,0.0
SSD,2017,0.0
SSD,2018,0.0
SSD,2019,0.0
SSD,2020,0.0
SSD,2021,0.0
SSD,2022,0.0
STP,2009,0.012019121571907602
STP,2010,0.0
STP,2011,0.022493821562018446
STP,2012,0.009645657570054998
STP,2013,0.0
STP,2014,0.02599993110921578
STP,2015,0.051006142064432256
STP,2016,0.07116509545785538
STP,2017,0.0877702255728739
STP,2018,0.14153101859861664
STP,2019,0.11600420508302905
STP,2020,0.10640292781912525
STP,2021,0.07257712777586886
STP,2022,0.053528923900455036
SUR,2009,0.24353219131062362
SUR,2010,0.2437878192596018
SUR,2011,0.2310721425733348
SUR,2012,0.2656556105236621
SUR,2013,0.26248385658193596
SUR,2014,0.24510958765597401
SUR,2015,0.24480307595392
SUR,2016,0.2548555747841166
SUR,2017,0.22455624432541604
SUR,2018,0.22477353788623852
SUR,2019,0.22050302822058043
SUR,2020,0.21976549158640243
SUR,2021,0.16841724860533774
SUR,2022,0.1448276779380661
SVK,2009,0.4817677009282412
SVK,2010,0.4173015806513368
SVK,2011,0.42180350191335325
SVK,2012,0.43570251181421393
SVK,2013,0.41959667648371235
SVK,2014,0.49918056568746105
SVK,2015,0.4767877599769248
SVK,2016,0.5047689874342294
SVK,2017,0.452594708651787
SVK,2018,0.43921090900605825
SVK,2019,0.40939453301296713
SVK,2020,0.49409702711427544
SVK,2021,0.5068697641941651
SVK,2022,0.5262610167247086
SVN,2009,0.5956933847656853
SVN,2010,0.5253102716094344
SVN,2011,0.5361391970328072
SVN,2012,0.5475926821254361
SVN,2013,0.537626558220981
SVN,2014,0.6027424022582581
SVN,2015,0.6001753381579976
SVN,2016,0.6582897477113585
SVN,2017,0.6713326883046913
SVN,2018,0.6910153540826188
SVN,2019,0.6818613113471945
SVN,2020,0.7139858881084243
SVN,2021,0.7053774486212986
SVN,2022,0.6772710870018056
SWE,2009,0.9396676536001415
SWE,2010,0.9020444288042174
SWE,2011,0.914430848064512
SWE,2012,0.919669685028588
SWE,2013,0.9011119194848433
SWE,2014,0.8924628252842773
SWE,2015,0.8644965982397294
SWE,2016,0.8581783198086691
SWE,2017,0.8794011260048397
SWE,2018,0.8930750970337158
SWE,2019,0.8845680328850878
SWE,2020,0.9134500040818115
SWE,2021,0.9088872968334619
SWE,2022,0.8919291831494187
SWZ,2009,0.13588945813476302
SWZ,2010,0.18254639555768198
SWZ,2011,0.15033910410214554
SWZ,2012,0.20493707702675998
SWZ,2013,0.1982712726931901
SWZ,2014,0.1765472108742338
SWZ,2015,0.17133964928054554
SWZ,2016,0.1849552200096489
SWZ,2017,0.17216169804410952
SWZ,2018,0.11877745132725545
SWZ,2019,0.10395050739631462
SWZ,2020,0.062337793739291755
SWZ,2021,0.029739282368488995
SWZ,2022,0.059556410016249464
SXM,2009,
SXM,2010,
SXM,2011,
SXM,2012,
SXM,2013,
SXM,2014,
SXM,2015,
SXM,2016,
SXM,2017,
SXM,2018,
SXM,2019,
SXM,2020,
SXM,2021,
SXM,2022,
SYC,2009,0.46164217982730105
SYC,2010,0.4620308506528185
SYC,2011,0.46180218423003666
SYC,2012,0.4982875999398414
SYC,2013,0.4754155326757683
SYC,2014,0.4533945672622756
SYC,2015,0.48101996793506535
SYC,2016,0.5318468240204518
SYC,2017,0.46834154717590587
SYC,2018,0.4787105253026896
SYC,2019,0.4497358391364886
SYC,2020,0.4283923433448724
SYC,2021,0.44953021256336523
SYC,2022,0.4004612806666118
SYR,2009,0.032535862588114646
SYR,2010,0.039263171882049815
SYR,2011,0.04095661717227643
SYR,2012,0.0
SYR,2013,0.0
SYR,2014,0.0
SYR,2015,0.0
SYR,2016,0.0
SYR,2017,0.0
SYR,2018,0.0
SYR,2019,0.0
SYR,2020,0.0
SYR,2021,0.0
SYR,2022,0.0
TCD,2009,0.0
TCD,2010,0.0
TCD,2011,0.0
TCD,2012,0.0
TCD,2013,0.0
TCD,2014,0.0
TCD,2015,0.0
TCD,2016,0.0
TCD,2017,0.0
TCD,2018,0.0
TCD,2019,0.0
TCD,2020,0.0
TCD,2021,0.0
TCD,2022,0.0
TGO,2009,0.0
TGO,2010,0.0
TGO,2011,0.0
TGO,2012,0.0
TGO,2013,0.0
TGO,2014,0.0
TGO,2015,0.0
TGO,2016,0.0
TGO,2017,0.0
TGO,2018,0.0
TGO,2019,0.0
TGO,2020,0.0
TGO,2021,0.0
TGO,2022,0.0
THA,2009,0.34436159975382324
THA,2010,0.3112432701579566
THA,2011,0.3060109693214434
THA,2012,0.32503263651895253
THA,2013,0.31509017339627443
THA,2014,0.3082329912476676
THA,2015,0.2881474712474114
THA,2016,0.29695542602838937
THA,2017,0.31735151012978846
THA,2018,0.3234530832515064
THA,2019,0.3119417861105851
THA,2020,0.3044096834298512
THA,2021,0.33429749929720287
THA,2022,0.3404654141136824
TJK,2009,0.0
TJK,2010,0.0
TJK,2011,0.0
TJK,2012,0.0
TJK,2013,0.0
TJK,2014,0.03573591796218705
TJK,2015,0.025660183198504997
TJK,2016,0.011092396725426532
TJK,2017,0.03771538419455854
TJK,2018,0.040946649577743265
TJK,2019,0.012588647047085705
TJK,2020,0.01644738067629211
TJK,2021,0.0
TJK,2022,0.005357761805079725
TKM,2009,0.0
TKM,2010,0.0
TKM,2011,0.0
TKM,2012,0.0
TKM,2013,0.0
TKM,2014,0.06720786238627903
TKM,2015,0.06618803040266663
TKM,2016,0.005288707617379519
TKM,2017,0.0
TKM,2018,0.0
TKM,2019,0.0
TKM,2020,0.0
TKM,2021,0.0
TKM,2022,0.10735432654715561
TLS,2009,0.0
TLS,2010,0.0
TLS,2011,0.0
TLS,2012,0.0
TLS,2013,0.0
TLS,2014,0.0
TLS,2015,0.0
TLS,2016,0.0
TLS,2017,0.0
TLS,2018,0.0
TLS,2019,0.03158747047876283
TLS,2020,0.03093238709378865
TLS,2021,0.02701950164772537
TLS,2022,0.01767525760022545
TON,2009,0.17059276598395287
TON,2010,0.18051398669205207
TON,2011,0.16328717280390523
TON,2012,0.16335240335698123
TON,2013,0.16342521581803
TON,2014,0.22679614256052433
TON,2015,0.22552875474547368
TON,2016,0.22571758347076085
TON,2017,0.29157230404836626
TON,2018,0.3333502836908126
TON,2019,0.3336783646138236
TON,2020,0.289092333847879
TON,2021,0.28964839490027794
TON,2022,0.18621786913221597
TTO,2009,0.34733161611832586
TTO,2010,0.34642231005179946
TTO,2011,0.36096604357544737
TTO,2012,0.3746880224612716
TTO,2013,0.36181243941418256
TTO,2014,0.3746458971191298
TTO,2015,0.36813244991904676
TTO,2016,0.3687116488630177
TTO,2017,0.3733853722380203
TTO,2018,0.38666704489058157
TTO,2019,0.3596258432993482
TTO,2020,0.379033534190712
TTO,2021,0.37467112657152196
TTO,2022,0.3153813905598317
TUN,2009,0.4438199573988277
TUN,2010,0.38114810217980505
TUN,2011,0.31291119187005073
TUN,2012,0.30917831137706464
TUN,2013,0.24587140600404753
TUN,2014,0.2622652557956006
TUN,2015,0.26156575942383775
TUN,2016,0.2473908922591922
TUN,2017,0.2832367152063465
TUN,2018,0.29982305395462183
TUN,2019,0.28415602154804387
TUN,2020,0.2554130411039415
TUN,2021,0.2613785647304413
TUN,2022,0.21629850076266802
TUR,2009,0.34171590603898316
TUR,2010,0.3523947946541535
TUR,2011,0.3713989123491568
TUR,2012,0.3918661095184383
TUR,2013,0.3643983602424616
TUR,2014,0.422763070800837
TUR,2015,0.37499538385990877
TUR,2016,0.3344963609782988
TUR,2017,0.3600624566205383
TUR,2018,0.2817355954696531
TUR,2019,0.33471858931543147
TUR,2020,0.289295574734442
TUR,2021,0.2743168292408569
TUR,2022,0.25801664215727765
TUV,2009,0.13974891073800133
TUV,2010,0.14919897469074148
TUV,2011,0.14877768858868598
TUV,2012,0.07645262657227365
TUV,2013,0.07654066821054356
TUV,2014,0.0005727281776838221
TUV,2015,0.0
TUV,2016,0.0
TUV,2017,0.023354792965218488
TUV,2018,0.08015393756913179
TUV,2019,0.08055051710900017
TUV,2020,0.07941787156365573
TUV,2021,0.12636259468316088
TUV,2022,0.13275012338574804
TWN,2009,
TWN,2010,
TWN,2011,
TWN,2012,
TWN,2013,
TWN,2014,
TWN,2015,
TWN,2016,
TWN,2017,
TWN,2018,
TWN,2019,
TWN,2020,
TWN,2021,
TWN,2022,
TZA,2009,0.11560059920603073
TZA,2010,0.11810112552770241
TZA,2011,0.10528577289610418
TZA,2012,0.06960511789245995
TZA,2013,0.07908652257686305
TZA,2014,0.10847955358771635
TZA,2015,0.13964436537763553
TZA,2016,0.15122599125113179
TZA,2017,0.14927047992627768
TZA,2018,0.11383881870213551
TZA,2019,0.0994900905443215
TZA,2020,0.10651489168427443
TZA,2021,0.10701673555854083
TZA,2022,0.1264913563961469
UGA,2009,0.10755037769339926
UGA,2010,0.11967829310858813
UGA,2011,0.11010306231302211
UGA,2012,0.09865947945365029
UGA,2013,0.11019479686336466
UGA,2014,0.16567063708092883
UGA,2015,0.1664713127073627
UGA,2016,0.14241473572573465
UGA,2017,0.1469893387262489
UGA,2018,0.10390187860724794
UGA,2019,0.09717143197208235
UGA,2020,0.07770246488481805
UGA,2021,0.08024802512539723
UGA,2022,0.09782318193199954
UKR,2009,0.0
UKR,2010,0.0010916967061642574
UKR,2011,0.0
UKR,2012,0.038690247620539395
UKR,2013,0.024234425012610125
UKR,2014,0.09594662702810318
UKR,2015,0.08507734101703059
UKR,2016,0.09753797800580002
UKR,2017,0.10803591392939633
UKR,2018,0.14742536379595833
UKR,2019,0.14423998202826394
UKR,2020,0.14104319471797228
UKR,2021,0.13380891068963432
UKR,2022,0.057879370406205284
URY,2009,0.4812048423031771
URY,2010,0.4818208723259639
URY,2011,0.4617381301799218
URY,2012,0.42666892990977073
URY,2013,0.424327917781267
URY,2014,0.4840334822284979
URY,2015,0.4738189201153835
URY,2016,0.45901916647510366
URY,2017,0.42618901474347753
URY,2018,0.4430310794826445
URY,2019,0.4909574309201579
URY,2020,0.5174889779646877
URY,2021,0.5364197603084372
URY,2022,0.5600356388891484
USA,2009,0.7323917540476113
USA,2010,0.7333010601141378
USA,2011,0.7425584717069665
USA,2012,0.7657574433910893
USA,2013,0.7734930157228508
USA,2014,0.7891180861904761
USA,2015,0.7801047989621153
USA,2016,0.7864208877904417
USA,2017,0.7886556551654134
USA,2018,0.8029498066580785
USA,2019,0.7724169403615615
USA,2020,0.7245306553860076
USA,2021,0.7376283033670402
USA,2022,0.7469572528760432
UZB,2009,0.0
UZB,2010,0.0
UZB,2011,0.0
UZB,2012,0.0
UZB,2013,0.0
UZB,2014,0.045259644072559106
UZB,2015,0.06439997466596986
UZB,2016,0.07103626838359406
UZB,2017,0.09663997943995711
UZB,2018,0.08965697683576783
UZB,2019,0.10244223059994002
UZB,2020,0.051509619970589025
UZB,2021,0.1669187760003069
UZB,2022,0.14093505448744698
VCT,2009,0.5356289215539852
VCT,2010,0.5907016134234804
VCT,2011,0.590376931286802
VCT,2012,0.5904586982426117
VCT,2013,0.5905500406253008
VCT,2014,0.36401122540692127
VCT,2015,0.3633301935955231
VCT,2016,0.4460602478015898
VCT,2017,0.4461371126617275
VCT,2018,0.4465591504184527
VCT,2019,0.44697053428725064
VCT,2020,0.3633023496921059
VCT,2021,0.3639995584192218
VCT,2022,0.44021685171859953
VEN,2009,0.0
VEN,2010,0.0
VEN,2011,0.0
VEN,2012,0.0
VEN,2013,0.0
VEN,2014,0.0
VEN,2015,0.0
VEN,2016,0.0
VEN,2017,0.0
VEN,2018,0.0
VEN,2019,0.0
VEN,2020,0.0
VEN,2021,0.0
VEN,2022,0.0
VIR,2009,0.6802434563722308
VIR,2010,0.6809960260998031
VIR,2011,0.6805533014993418
VIR,2012,0.680664807835562
VIR,2013,0.6807893537462697
VIR,2014,0.742069830810377
VIR,2015,0.7411411451256272
VIR,2016,0.7414639644659502
VIR,2017,0.5165919924986171
VIR,2018,0.517167498530515
VIR,2019,0.5177284289979482
VIR,2020,0.4036380347459234
VIR,2021,0.40458877986119746
VIR,2022,0.38862582427921705
VNM,2009,0.16176981079021846
VNM,2010,0.14935750846477538
VNM,2011,0.1547435390215642
VNM,2012,0.15666663115370688
VNM,2013,0.16111665556287558
VNM,2014,0.29269723696318695
VNM,2015,0.29869632360472137
VNM,2016,0.28388156955168503
VNM,2017,0.2891115827435513
VNM,2018,0.2721532729756812
VNM,2019,0.27949752735026234
VNM,2020,0.2883314305576643
VNM,2021,0.281884651858721
VNM,2022,0.23235459616241724
VUT,2009,0.26485650356784324
VUT,2010,0.3015023158480374
VUT,2011,0.3011893006990584
VUT,2012,0.2947793857595689
VUT,2013,0.29486742739783883
VUT,2014,0.1060954356979365
VUT,2015,0.025608678513310723
VUT,2016,0.025797474557960352
VUT,2017,0.025858783434498413
VUT,2018,0.1231403818366505
VUT,2019,0.03853458974263276
VUT,2020,0.018457076498640892
VUT,2021,0.003925238727157112
VUT,2022,0.003841510933078908
WSM,2009,0.26011225537643873
WSM,2010,0.24643014686874715
WSM,2011,0.2523270738364761
WSM,2012,0.2523922717089143
WSM,2013,0.2716056108472004
WSM,2014,0.471931351836544
WSM,2015,0.4713881996360815
WSM,2016,0.5357926842300693
WSM,2017,0.5358668039166307
WSM,2018,0.5362736778574103
WSM,2019,0.4571417291939863
WSM,2020,0.43287282610848304
WSM,2021,0.433544968786396
WSM,2022,0.33741124510680975
XKX,2009,0.149349567069787
XKX,2010,0.033413795242339665
XKX,2011,0.06266737797164251
XKX,2012,0.10260854236577388
XKX,2013,0.0869676544694468
XKX,2014,0.17131455055070466
XKX,2015,0.15508175094229745
XKX,2016,0.15232360315274032
XKX,2017,0.1537179552456966
XKX,2018,0.15928222600112066
XKX,2019,0.15938768641934523
XKX,2020,0.1446775104073125
XKX,2021,0.21450181733758814
XKX,2022,0.2583505075531817
YEM,2009,0.0
YEM,2010,0.0
YEM,2011,0.0
YEM,2012,0.0
YEM,2013,0.0
YEM,2014,0.0
YEM,2015,0.0
YEM,2016,0.0
YEM,2017,0.0
YEM,2018,0.0
YEM,2019,0.0
YEM,2020,0.0
YEM,2021,0.0
YEM,2022,0.0
ZAF,2009,0.38908354929243477
ZAF,2010,0.35500378801272897
ZAF,2011,0.36585987104612483
ZAF,2012,0.3694866375081301
ZAF,2013,0.37510568101252983
ZAF,2014,0.3744276558198104
ZAF,2015,0.3460186388135255
ZAF,2016,0.33191089767894916
ZAF,2017,0.33892265924441445
ZAF,2018,0.31452110545002576
ZAF,2019,0.3280105289171682
ZAF,2020,0.29727229749263034
ZAF,2021,0.27987587109423073
ZAF,2022,0.26560972690817175
ZMB,2009,0.03700637775719218
ZMB,2010,0.031032422526136156
ZMB,2011,0.09915302244591172
ZMB,2012,0.10262400030745943
ZMB,2013,0.09251012723944917
ZMB,2014,0.12028448625939313
ZMB,2015,0.09300585983444379
ZMB,2016,0.09336397426360553
ZMB,2017,0.11471792785932244
ZMB,2018,0.10206509603957076
ZMB,2019,0.0635914883670982
ZMB,2020,0.02612941179623307
ZMB,2021,0.028638794570752565
ZMB,2022,0.07332267116631115
ZWE,2009,0.0
ZWE,2010,0.0
ZWE,2011,0.0
ZWE,2012,0.0
ZWE,2013,0.0
ZWE,2014,0.0
ZWE,2015,0.0
ZWE,2016,0.0
ZWE,2017,0.0
ZWE,2018,0.0
ZWE,2019,0.0
ZWE,2020,0.0
ZWE,2021,0.0
ZWE,2022,0.0
