country,year,HAE
ABW,2009,0.031646792626734754
ABW,2010,0.5148826824173387
ABW,2011,1.0
ABW,2012,0.8093326608594927
ABW,2013,0.7852407190659636
ABW,2014,0.5815258433451959
ABW,2015,0.08370267281008842
ABW,2016,0.06249551336769271
ABW,2017,0.5295316456891518
ABW,2018,0.3552922596482453
ABW,2019,0.268821338318965
ABW,2020,0.4906029287960886
ABW,2021,0.3193405214911831
ABW,2022,0.7447009376376458
AFG,2009,0.03025862559875178
AFG,2010,0.08073258633208072
AFG,2011,0.01996078417953126
AFG,2012,0.021996759343667936
AFG,2013,0.016164550278148095
AFG,2014,0.013983882699760562
AFG,2015,0.05968700626867846
AFG,2016,0.03959445142430243
AFG,2017,0.022322865311817056
AFG,2018,0.05843418655239109
AFG,2019,0.017633712616722266
AFG,2020,0.016769828471348315
AFG,2021,0.024026160088834056
AFG,2022,
AGO,2009,0.1804905089965339
AGO,2010,0.3187014001886087
AGO,2011,0.27167645278808933
AGO,2012,0.10917118798057227
AGO,2013,0.3601765941624401
AGO,2014,0.19742853287757542
AGO,2015,0.7029947258226606
AGO,2016,0.04964316257773958
AGO,2017,0.6811741581259673
AGO,2018,0.47597479082797906
AGO,2019,0.5294249467673334
AGO,2020,0.22297209135547807
AGO,2021,0.46092793990977343
AGO,2022,0.3451877619556051
ALB,2009,0.9404088850576486
ALB,2010,0.6267490981643191
ALB,2011,0.6427317293906702
ALB,2012,0.545011794350297
ALB,2013,0.6681782245948593
ALB,2014,0.6144934532505989
ALB,2015,0.6212571221550544
ALB,2016,0.5846789392789985
ALB,2017,0.5676628623581406
ALB,2018,0.5240291924559146
ALB,2019,0.5308480946633403
ALB,2020,0.48982322950437107
ALB,2021,0.4689917020563783
ALB,2022,0.5724254950544608
AND,2009,
AND,2010,
AND,2011,
AND,2012,
AND,2013,
AND,2014,
AND,2015,
AND,2016,
AND,2017,
AND,2018,
AND,2019,1.0
AND,2020,0.9354427912970011
AND,2021,1.0
AND,2022,1.0
ARE,2009,0.10141926828620193
ARE,2010,0.23422148411001048
ARE,2011,0.16861978019986276
ARE,2012,0.2054117582655386
ARE,2013,0.3026004855447802
ARE,2014,0.3578177407746019
ARE,2015,0.44056330150189504
ARE,2016,0.4421453443935656
ARE,2017,0.4035082469683533
ARE,2018,0.3853365083420957
ARE,2019,0.6007291611062973
ARE,2020,0.724635213493244
ARE,2021,0.6819578135733385
ARE,2022,0.6201206969969808
ARG,2009,0.09467546103399496
ARG,2010,0.19352664889796042
ARG,2011,0.15502206395747328
ARG,2012,0.19999160197368968
ARG,2013,0.12936167740465812
ARG,2014,0.08848712197461814
ARG,2015,0.1416196431953947
ARG,2016,0.06034562289914727
ARG,2017,0.13126095546843602
ARG,2018,0.1707601863311797
ARG,2019,0.12167251829060133
ARG,2020,0.1047561672849822
ARG,2021,0.11237863845409336
ARG,2022,0.18187270572155034
ARM,2009,0.6261849149736526
ARM,2010,0.4008374896012933
ARM,2011,0.5733857048328797
ARM,2012,0.3264883481246434
ARM,2013,0.22560294200916908
ARM,2014,0.2500147824976785
ARM,2015,0.13447872787646944
ARM,2016,0.25560282226955056
ARM,2017,0.16297596992606236
ARM,2018,0.14655581869396261
ARM,2019,0.1141910399292391
ARM,2020,0.04527957941353625
ARM,2021,0.18782300651280964
ARM,2022,0.35032276886171754
ATG,2009,0.4722633814571762
ATG,2010,0.5565291501172979
ATG,2011,0.4848893868444838
ATG,2012,0.7344888981321045
ATG,2013,0.5879303457284931
ATG,2014,0.2543213227151835
ATG,2015,0.5940939552852443
ATG,2016,0.6060428842730785
ATG,2017,0.7075954112527365
ATG,2018,0.8160182836248687
ATG,2019,0.5451852436637535
ATG,2020,0.5403121863592383
ATG,2021,1.0
ATG,2022,1.0
AUS,2009,0.21271062147828568
AUS,2010,0.2190502024448157
AUS,2011,0.23124885300395343
AUS,2012,0.2075788965058275
AUS,2013,0.19576207352514724
AUS,2014,0.24232431363518706
AUS,2015,0.2072962563275016
AUS,2016,0.20206358775428485
AUS,2017,0.21346659182124078
AUS,2018,0.2121300082173685
AUS,2019,0.19414301451274435
AUS,2020,0.164063915760506
AUS,2021,0.17816076035993866
AUS,2022,0.3572525203033493
AUT,2009,0.4985220409837287
AUT,2010,0.6213846390539582
AUT,2011,0.9500493859886249
AUT,2012,0.3878367482925817
AUT,2013,0.19256975791252057
AUT,2014,0.03927726444838327
AUT,2015,0.13214213251836765
AUT,2016,0.9521618236122406
AUT,2017,0.3541859957873713
AUT,2018,0.8161060730877311
AUT,2019,0.31495252741841084
AUT,2020,0.2166698432384307
AUT,2021,0.6672471728476582
AUT,2022,0.40453760044195125
AZE,2009,0.8508420602609434
AZE,2010,0.8032412231877238
AZE,2011,0.8124657265322633
AZE,2012,0.9351416747479617
AZE,2013,0.36832911304572985
AZE,2014,0.5686299220054191
AZE,2015,0.9115200618501903
AZE,2016,1.0
AZE,2017,0.8861130299654476
AZE,2018,0.44770524612320806
AZE,2019,0.5446392628717821
AZE,2020,0.20806374190929036
AZE,2021,0.21701043884044033
AZE,2022,0.39308379990848874
BDI,2009,
BDI,2010,
BDI,2011,
BDI,2012,
BDI,2013,0.31786779915401986
BDI,2014,0.22604998139102278
BDI,2015,0.017894138594322533
BDI,2016,0.0018283796768954713
BDI,2017,0.1601128224898346
BDI,2018,
BDI,2019,0.07202915426395191
BDI,2020,0.04670143882394244
BDI,2021,0.04571902162550821
BDI,2022,0.04509898210391001
BEL,2009,1.0
BEL,2010,1.0
BEL,2011,1.0
BEL,2012,0.712992862059761
BEL,2013,0.5343803289842405
BEL,2014,0.19361173624641975
BEL,2015,0.3881673296389567
BEL,2016,1.0
BEL,2017,0.5668230495396694
BEL,2018,0.9534007797970073
BEL,2019,0.3552187892099306
BEL,2020,0.635300701942131
BEL,2021,1.0
BEL,2022,0.5341595703970641
BEN,2009,0.09661110051213669
BEN,2010,0.1362700367095674
BEN,2011,0.13779946731380982
BEN,2012,0.19260477338891882
BEN,2013,0.22311240384648065
BEN,2014,0.21228489751701052
BEN,2015,0.10680972324813225
BEN,2016,0.08412781116451629
BEN,2017,0.12219409814777316
BEN,2018,0.09528274168759789
BEN,2019,0.11365700107516591
BEN,2020,0.08310484621264982
BEN,2021,0.14657607806238965
BEN,2022,0.16166380757261536
BFA,2009,0.05034123142477255
BFA,2010,0.026083284750890303
BFA,2011,0.13587869321611792
BFA,2012,0.21348470150839619
BFA,2013,0.27209071494457393
BFA,2014,0.2040894075714504
BFA,2015,0.1386090387349254
BFA,2016,0.2291586868239541
BFA,2017,0.006068642678279737
BFA,2018,0.14102238571203182
BFA,2019,0.0745988329726706
BFA,2020,0.039837019587757934
BFA,2021,0.041655558463627826
BFA,2022,0.24818402889381933
BGD,2009,0.07039857800942968
BGD,2010,0.07510701932251365
BGD,2011,0.08097815798852157
BGD,2012,0.09368898973157821
BGD,2013,0.13999381292892366
BGD,2014,0.09952422336934136
BGD,2015,0.09876522422628027
BGD,2016,0.059653641922034845
BGD,2017,0.04396604462072382
BGD,2018,0.0506351210915917
BGD,2019,0.03665400737989278
BGD,2020,0.02727636137117295
BGD,2021,0.028940090259360094
BGD,2022,0.023655147933462118
BGR,2009,0.5456084427957096
BGR,2010,0.3198620454996587
BGR,2011,0.3000449598078953
BGR,2012,0.26987072557588243
BGR,2013,0.27952839884230274
BGR,2014,0.23076709483749783
BGR,2015,0.30788243862827763
BGR,2016,0.2862176404417507
BGR,2017,0.28201584284144127
BGR,2018,0.275762471528185
BGR,2019,0.2968233341136789
BGR,2020,0.3075838598544196
BGR,2021,0.25560252632957925
BGR,2022,0.47601620189071514
BHR,2009,0.595407750076449
BHR,2010,0.12181696981879239
BHR,2011,0.3731652904122124
BHR,2012,0.4297911618783878
BHR,2013,0.8395314513700324
BHR,2014,0.36677076266443814
BHR,2015,0.6673884623897548
BHR,2016,0.2210250034535157
BHR,2017,0.2965661377514677
BHR,2018,0.29745020912927334
BHR,2019,0.18770822374189014
BHR,2020,0.2281270060371279
BHR,2021,0.30094799486669144
BHR,2022,0.5595284710343542
BHS,2009,0.5882982500430777
BHS,2010,0.6751473357792447
BHS,2011,0.7882130920994924
BHS,2012,0.4257148240737286
BHS,2013,0.41964989387734325
BHS,2014,1.0
BHS,2015,0.13853143922754613
BHS,2016,0.42027536994111003
BHS,2017,0.24405201462068626
BHS,2018,0.31657346752250065
BHS,2019,0.2988763596952123
BHS,2020,0.3180711887278022
BHS,2021,0.2590557348293284
BHS,2022,0.3575872183614214
BIH,2009,0.08780866813496874
BIH,2010,0.2037767347048785
BIH,2011,0.17036062857116746
BIH,2012,0.17475840092918155
BIH,2013,0.14652610479535572
BIH,2014,0.1993051723316071
BIH,2015,0.19418567831896885
BIH,2016,0.1234995314829811
BIH,2017,0.22197242627388963
BIH,2018,0.2020327528205058
BIH,2019,0.15291213052638972
BIH,2020,0.18670947628095352
BIH,2021,0.24193522001588708
BIH,2022,0.2744761704005888
BLR,2009,0.2593115525018071
BLR,2010,0.16820454855656275
BLR,2011,0.44556787313056373
BLR,2012,0.1643275279954025
BLR,2013,0.22140262744925543
BLR,2014,0.16371227273052574
BLR,2015,0.20770609874495335
BLR,2016,0.19135208707832624
BLR,2017,0.1637386976610475
BLR,2018,0.16454824385605918
BLR,2019,0.13218409318937355
BLR,2020,0.16032369327886759
BLR,2021,0.12533713938008517
BLR,2022,0.16144694487187447
BLZ,2009,0.43167658484362353
BLZ,2010,0.37191386134523363
BLZ,2011,0.34935853330350586
BLZ,2012,0.6783816330574926
BLZ,2013,0.30441773453599535
BLZ,2014,0.4484420089077842
BLZ,2015,0.18114157874423523
BLZ,2016,0.10255445772999863
BLZ,2017,0.09440539639546593
BLZ,2018,0.3580186105088989
BLZ,2019,0.2688540474335762
BLZ,2020,0.262562437845926
BLZ,2021,0.3487121266713779
BLZ,2022,0.33281378779268006
BMU,2009,0.0818551232353807
BMU,2010,0.23775725937250752
BMU,2011,0.6279167880294559
BMU,2012,0.301069479979517
BMU,2013,0.10875707996414442
BMU,2014,0.12799498576315096
BMU,2015,0.22797556116396872
BMU,2016,0.16285972257916345
BMU,2017,0.3077161270751065
BMU,2018,0.12034790012939889
BMU,2019,0.037863171712939986
BMU,2020,0.47211875520639446
BMU,2021,0.06991979407420466
BMU,2022,0.02273881848075512
BOL,2009,0.16379861276369684
BOL,2010,0.22080152703496736
BOL,2011,0.2390379423327943
BOL,2012,
BOL,2013,
BOL,2014,0.13934526933747535
BOL,2015,0.11240947481514975
BOL,2016,0.0833269484587724
BOL,2017,0.11498823035035464
BOL,2018,0.05326748115091127
BOL,2019,0.036006153487271285
BOL,2020,0.19546288167981218
BOL,2021,0.09397603230373977
BOL,2022,0.01138577715275763
BRA,2009,0.08173081317517747
BRA,2010,0.13733292089303842
BRA,2011,0.12908659737135644
BRA,2012,0.11528937651480756
BRA,2013,0.11198254211664288
BRA,2014,0.1267075802501459
BRA,2015,0.11382090878924561
BRA,2016,0.1376128057987325
BRA,2017,0.12594884847470839
BRA,2018,0.12218406416363572
BRA,2019,0.13671661825119827
BRA,2020,0.09505059324105539
BRA,2021,0.11353658004810147
BRA,2022,0.15003675473248881
BRB,2009,0.7221241267965993
BRB,2010,0.9203759149084018
BRB,2011,1.0
BRB,2012,0.6901187540967216
BRB,2013,0.1535738917795398
BRB,2014,0.9631157792108677
BRB,2015,1.0
BRB,2016,0.7655811042597547
BRB,2017,0.23694615763148302
BRB,2018,0.2786166260870334
BRB,2019,0.2629158913478911
BRB,2020,0.3326394943568762
BRB,2021,0.2873353999784991
BRB,2022,0.20813231321587866
BRN,2009,
BRN,2010,
BRN,2011,
BRN,2012,
BRN,2013,
BRN,2014,
BRN,2015,
BRN,2016,
BRN,2017,
BRN,2018,
BRN,2019,
BRN,2020,
BRN,2021,
BRN,2022,
BTN,2009,
BTN,2010,
BTN,2011,
BTN,2012,
BTN,2013,
BTN,2014,
BTN,2015,
BTN,2016,
BTN,2017,
BTN,2018,
BTN,2019,
BTN,2020,
BTN,2021,
BTN,2022,
BWA,2009,0.14265677341880262
BWA,2010,0.11567695568117818
BWA,2011,0.13364387083621077
BWA,2012,0.07384039134735002
BWA,2013,0.07089527401399684
BWA,2014,0.27000556595625796
BWA,2015,0.276801381561498
BWA,2016,0.13800253052049513
BWA,2017,0.10822246058869982
BWA,2018,0.14405631951285416
BWA,2019,0.04520014247157851
BWA,2020,0.04457059421069445
BWA,2021,0.12514580354204718
BWA,2022,0.2361225072973877
CAF,2009,
CAF,2010,
CAF,2011,
CAF,2012,
CAF,2013,
CAF,2014,
CAF,2015,
CAF,2016,
CAF,2017,
CAF,2018,
CAF,2019,
CAF,2020,
CAF,2021,
CAF,2022,
CAN,2009,0.12039064660648804
CAN,2010,0.11668447000576418
CAN,2011,0.1336240922873483
CAN,2012,0.15709572394697738
CAN,2013,0.16658622476473117
CAN,2014,0.1780478000493028
CAN,2015,0.21990085388440847
CAN,2016,0.16825666184228694
CAN,2017,0.1605653950000633
CAN,2018,0.15713780836878424
CAN,2019,0.17819889856185267
CAN,2020,0.12747181551107928
CAN,2021,0.1980940671379587
CAN,2022,0.16190550491361252
CHE,2009,1.0
CHE,2010,1.0
CHE,2011,0.5875826891120072
CHE,2012,0.9002687646065048
CHE,2013,0.3475765226276674
CHE,2014,0.2919494237852296
CHE,2015,1.0
CHE,2016,1.0
CHE,2017,1.0
CHE,2018,1.0
CHE,2019,0.7699192567323181
CHE,2020,1.0
CHE,2021,1.0
CHE,2022,0.33661375720415915
CHL,2009,0.7201561372112529
CHL,2010,0.7190420535520741
CHL,2011,1.0
CHL,2012,1.0
CHL,2013,0.731658234346114
CHL,2014,0.9145623697387764
CHL,2015,0.9243794548445349
CHL,2016,0.5143795505858709
CHL,2017,0.18762748662526418
CHL,2018,0.22058432690620547
CHL,2019,0.573085207763128
CHL,2020,0.4681995066274619
CHL,2021,0.6286156341442491
CHL,2022,0.7268187008143026
CIV,2009,0.08009078571965733
CIV,2010,0.07681822903984202
CIV,2011,0.05764188126896816
CIV,2012,0.06327539285457016
CIV,2013,0.06454494615114294
CIV,2014,0.062182340322486374
CIV,2015,0.0740393719120392
CIV,2016,0.08352971287222513
CIV,2017,0.2096073548012376
CIV,2018,0.08714404485733303
CIV,2019,0.10578044616046596
CIV,2020,0.07554802510548418
CIV,2021,0.15364210361185332
CIV,2022,0.16605909267754415
CMR,2009,0.19387985609528963
CMR,2010,0.2513848186699639
CMR,2011,0.18290044442105433
CMR,2012,0.17900268777761488
CMR,2013,0.1393410313755737
CMR,2014,0.13514917188230685
CMR,2015,0.15526210854242897
CMR,2016,0.13856402846355736
CMR,2017,0.15445538598015202
CMR,2018,0.1456668101815346
CMR,2019,0.19338757875714163
CMR,2020,0.12419943855109887
CMR,2021,0.150827124862501
CMR,2022,0.143267608849067
COD,2009,0.09960270265866576
COD,2010,0.7586404952246658
COD,2011,0.4261078454599071
COD,2012,0.7353118512434267
COD,2013,0.40091288589913016
COD,2014,0.3203876562617785
COD,2015,0.27767012162055077
COD,2016,0.20806591047886758
COD,2017,0.2380203498901067
COD,2018,0.23100392615325177
COD,2019,0.21131964520694677
COD,2020,0.23514683735132436
COD,2021,0.21106239039554192
COD,2022,0.17473367596846795
COG,2009,0.8769003286435334
COG,2010,1.0
COG,2011,0.1697558016212936
COG,2012,0.10915182617510351
COG,2013,1.0
COG,2014,1.0
COG,2015,1.0
COG,2016,0.7613325432609173
COG,2017,1.0
COG,2018,1.0
COG,2019,0.8825320654527055
COG,2020,1.0
COG,2021,0.1484712474418645
COG,2022,0.2348379497924255
COL,2009,0.330923572685703
COL,2010,0.2772009155841041
COL,2011,0.4590886800467282
COL,2012,0.28138755630533113
COL,2013,0.4163463883620849
COL,2014,0.3509180174796279
COL,2015,0.359765606428625
COL,2016,0.43329756467557573
COL,2017,0.37174931367741976
COL,2018,0.3276500712318935
COL,2019,0.3537867533075047
COL,2020,0.22667233739100523
COL,2021,0.26669102315748555
COL,2022,0.39667818268273664
COM,2009,
COM,2010,
COM,2011,
COM,2012,
COM,2013,
COM,2014,
COM,2015,
COM,2016,
COM,2017,
COM,2018,
COM,2019,
COM,2020,
COM,2021,
COM,2022,
CPV,2009,0.460320169934974
CPV,2010,0.42468747284830616
CPV,2011,0.33761416430050095
CPV,2012,0.4846230894830486
CPV,2013,0.4011009603172657
CPV,2014,0.6302503030982831
CPV,2015,0.4266600596733966
CPV,2016,0.4834432550081727
CPV,2017,0.42601268544131304
CPV,2018,0.34127651414165605
CPV,2019,0.4111936339393158
CPV,2020,0.2619715891227406
CPV,2021,0.2992222968515129
CPV,2022,0.4171653848094333
CRI,2009,0.4095770708590402
CRI,2010,0.3938253461278338
CRI,2011,0.48926239701568713
CRI,2012,0.5067019138664024
CRI,2013,0.5246117028259178
CRI,2014,0.46992353824560307
CRI,2015,0.3980179206018833
CRI,2016,0.35276053954101527
CRI,2017,0.3522724830509415
CRI,2018,0.3830829257293735
CRI,2019,0.28239601700228883
CRI,2020,0.271918556643041
CRI,2021,0.4105798231381243
CRI,2022,0.5832441147788555
CUB,2009,
CUB,2010,
CUB,2011,
CUB,2012,
CUB,2013,
CUB,2014,
CUB,2015,
CUB,2016,
CUB,2017,
CUB,2018,
CUB,2019,
CUB,2020,
CUB,2021,
CUB,2022,
CUW,2009,
CUW,2010,
CUW,2011,0.2256162254138181
CUW,2012,0.17977949556332554
CUW,2013,0.03837875328645684
CUW,2014,0.24653942288873035
CUW,2015,0.3597667072349383
CUW,2016,0.3764671416673786
CUW,2017,0.6987798578553798
CUW,2018,0.34524151554935106
CUW,2019,0.47227903891861317
CUW,2020,0.4277628103501155
CUW,2021,0.4227307707348141
CUW,2022,0.4207073859809832
CYM,2009,1.0
CYM,2010,1.0
CYM,2011,1.0
CYM,2012,1.0
CYM,2013,1.0
CYM,2014,1.0
CYM,2015,1.0
CYM,2016,1.0
CYM,2017,1.0
CYM,2018,1.0
CYM,2019,1.0
CYM,2020,1.0
CYM,2021,1.0
CYM,2022,1.0
CYP,2009,1.0
CYP,2010,1.0
CYP,2011,1.0
CYP,2012,1.0
CYP,2013,1.0
CYP,2014,1.0
CYP,2015,1.0
CYP,2016,1.0
CYP,2017,1.0
CYP,2018,1.0
CYP,2019,1.0
CYP,2020,1.0
CYP,2021,1.0
CYP,2022,1.0
CZE,2009,0.12502291120802014
CZE,2010,0.1880179014203769
CZE,2011,0.09199297693937378
CZE,2012,0.16260827937108635
CZE,2013,0.18372216429389665
CZE,2014,0.15733654942951358
CZE,2015,0.0993859599229899
CZE,2016,0.18319668937975753
CZE,2017,0.22826719450559207
CZE,2018,0.15632562537436623
CZE,2019,0.16294057547640345
CZE,2020,0.12644740055776443
CZE,2021,0.20995978687145905
CZE,2022,0.14017489189460977
DEU,2009,0.1669454968172434
DEU,2010,0.21122222872961327
DEU,2011,0.18446168885141667
DEU,2012,0.16849234853115788
DEU,2013,0.1613141618903015
DEU,2014,0.1389667397000317
DEU,2015,0.18308753908558711
DEU,2016,0.17578302895668513
DEU,2017,0.21391945030024284
DEU,2018,0.2620253444415333
DEU,2019,0.20165355708972643
DEU,2020,0.2402173260344656
DEU,2021,0.2341965955861826
DEU,2022,0.18974777572911222
DJI,2009,
DJI,2010,
DJI,2011,
DJI,2012,
DJI,2013,
DJI,2014,
DJI,2015,
DJI,2016,
DJI,2017,
DJI,2018,
DJI,2019,
DJI,2020,
DJI,2021,
DJI,2022,
DMA,2009,0.7512811940298578
DMA,2010,0.7526458455278909
DMA,2011,0.6523924924641826
DMA,2012,0.7421921877768217
DMA,2013,0.5269431090540079
DMA,2014,0.16422717368593065
DMA,2015,0.21336653488125867
DMA,2016,0.46947212788134485
DMA,2017,0.2809455365476548
DMA,2018,0.831299060591014
DMA,2019,0.6528833802816902
DMA,2020,0.29270437979203856
DMA,2021,0.3632203229244788
DMA,2022,0.1888537630701368
DNK,2009,0.20561061803021646
DNK,2010,0.24973048874392922
DNK,2011,0.5166167946452886
DNK,2012,0.5566908622409088
DNK,2013,0.14873253367452474
DNK,2014,0.31170520349174563
DNK,2015,0.2060878934450666
DNK,2016,0.5488782889997628
DNK,2017,0.276438040691026
DNK,2018,0.28321981226116094
DNK,2019,0.1886811290697543
DNK,2020,0.20356078487150453
DNK,2021,0.8777882503163692
DNK,2022,0.9440580892805778
DOM,2009,0.2993543757433832
DOM,2010,0.25076336786454945
DOM,2011,0.26192330152351784
DOM,2012,0.40613169995059867
DOM,2013,0.21213190717046823
DOM,2014,0.2548808127481517
DOM,2015,0.21133831147961302
DOM,2016,0.231669899139798
DOM,2017,0.3056437253042701
DOM,2018,0.23167710349273143
DOM,2019,0.2259211906534955
DOM,2020,0.21724663155197393
DOM,2021,0.24618333720233168
DOM,2022,0.24079829030289482
DZA,2009,0.13133791248750856
DZA,2010,0.09448121530649341
DZA,2011,0.09481448577686706
DZA,2012,0.04525312397561315
DZA,2013,0.05699093956314205
DZA,2014,0.042430740288530194
DZA,2015,0.0227177298964156
DZA,2016,0.06213649956963361
DZA,2017,0.043494277938563086
DZA,2018,0.0792349629671949
DZA,2019,0.04866986980731641
DZA,2020,0.04684497026276271
DZA,2021,0.03292524958337158
DZA,2022,0.009645650947740484
ECU,2009,
ECU,2010,
ECU,2011,
ECU,2012,
ECU,2013,
ECU,2014,
ECU,2015,
ECU,2016,
ECU,2017,
ECU,2018,
ECU,2019,
ECU,2020,
ECU,2021,
ECU,2022,
EGY,2009,0.2566892343120324
EGY,2010,0.2301876402011161
EGY,2011,0.03130645467143167
EGY,2012,0.07186481160804911
EGY,2013,0.10385271984519451
EGY,2014,0.10612943035993755
EGY,2015,0.1438498520124937
EGY,2016,0.16671393420437491
EGY,2017,0.2042093492710417
EGY,2018,0.21490620566342383
EGY,2019,0.1969617797474389
EGY,2020,0.10731305897777639
EGY,2021,0.08617321967252486
EGY,2022,0.1641916608224417
ERI,2009,
ERI,2010,
ERI,2011,
ERI,2012,
ERI,2013,
ERI,2014,
ERI,2015,
ERI,2016,
ERI,2017,
ERI,2018,
ERI,2019,
ERI,2020,
ERI,2021,
ERI,2022,
ESP,2009,0.09359194006717109
ESP,2010,0.36142712635707847
ESP,2011,0.3071571368854442
ESP,2012,0.1114576041184928
ESP,2013,0.3924338888450956
ESP,2014,0.38002413806998886
ESP,2015,0.4531820840308287
ESP,2016,0.564978782168675
ESP,2017,0.4160774822127477
ESP,2018,0.49457789790321227
ESP,2019,0.33782047767232476
ESP,2020,0.4857051220109287
ESP,2021,0.5285917489170653
ESP,2022,0.6266271845062765
EST,2009,1.0
EST,2010,1.0
EST,2011,0.7124403834882946
EST,2012,0.8804213408631445
EST,2013,0.5105706387106361
EST,2014,0.7190996022145622
EST,2015,0.3690780285327093
EST,2016,0.35056106996711234
EST,2017,0.5791526659777967
EST,2018,0.31782196530124107
EST,2019,1.0
EST,2020,0.8823829348491621
EST,2021,1.0
EST,2022,0.6290717648052554
ETH,2009,
ETH,2010,
ETH,2011,
ETH,2012,
ETH,2013,
ETH,2014,
ETH,2015,
ETH,2016,
ETH,2017,
ETH,2018,
ETH,2019,
ETH,2020,
ETH,2021,
ETH,2022,
FIN,2009,0.33485540938971475
FIN,2010,0.7271970597783011
FIN,2011,0.23161730754393148
FIN,2012,0.3445260880520298
FIN,2013,0.3022537301635491
FIN,2014,0.430835290807629
FIN,2015,0.5151705465501787
FIN,2016,0.7162321331240119
FIN,2017,0.8067836150785554
FIN,2018,0.3365446259882501
FIN,2019,0.5742157314306061
FIN,2020,0.2006873141375996
FIN,2021,0.9898547344892367
FIN,2022,0.8357993128880042
FJI,2009,0.7240454894784123
FJI,2010,0.390533646114649
FJI,2011,0.3851760254449487
FJI,2012,0.4687182645347333
FJI,2013,0.3950249536216335
FJI,2014,0.5712859757679721
FJI,2015,0.34072298245134414
FJI,2016,0.5517709537420553
FJI,2017,0.4847268972114919
FJI,2018,0.5643623560007475
FJI,2019,0.44709533547221386
FJI,2020,0.3987096605386647
FJI,2021,0.7086811497372485
FJI,2022,0.16105006092413235
FRA,2009,0.26453917305946123
FRA,2010,0.2807767302199351
FRA,2011,0.2524360367982192
FRA,2012,0.21110501606704618
FRA,2013,0.15586275717005893
FRA,2014,0.15535867698321162
FRA,2015,0.33407978907885066
FRA,2016,0.29265029422813
FRA,2017,0.23804646877105956
FRA,2018,0.5210566879758936
FRA,2019,0.33833723098010293
FRA,2020,0.1211150527963959
FRA,2021,0.48594226043730565
FRA,2022,0.5135448911401842
FSM,2009,
FSM,2010,
FSM,2011,
FSM,2012,
FSM,2013,
FSM,2014,0.43715611814345995
FSM,2015,
FSM,2016,
FSM,2017,
FSM,2018,
FSM,2019,
FSM,2020,
FSM,2021,
FSM,2022,
GAB,2009,0.4838457054140976
GAB,2010,0.41796101709688144
GAB,2011,0.4206213627940962
GAB,2012,0.6165876696742477
GAB,2013,0.2122948908825247
GAB,2014,0.6384133221190593
GAB,2015,0.026958565225620422
GAB,2016,0.612744935301928
GAB,2017,0.6241510663105013
GAB,2018,0.5699378453687898
GAB,2019,0.6269518623948862
GAB,2020,
GAB,2021,
GAB,2022,
GBR,2009,0.17273429971414042
GBR,2010,0.3234670584470612
GBR,2011,0.2687149445757415
GBR,2012,0.1440697756729877
GBR,2013,0.24008433973047788
GBR,2014,0.37338845515752106
GBR,2015,0.23879961045235132
GBR,2016,0.8810415521157238
GBR,2017,0.7345674961421946
GBR,2018,0.12354632490095337
GBR,2019,0.09571912018110332
GBR,2020,0.4248014873201086
GBR,2021,0.49196518714012993
GBR,2022,0.4954084516967896
GEO,2009,0.4243248789627958
GEO,2010,0.596201953984095
GEO,2011,0.5827871367562287
GEO,2012,0.46765723759271566
GEO,2013,0.44673178469865693
GEO,2014,0.8324716565808984
GEO,2015,0.8981582823836106
GEO,2016,0.8947326751582678
GEO,2017,0.8659210110014781
GEO,2018,0.5949367899670559
GEO,2019,0.6461295655287295
GEO,2020,0.23870897552460035
GEO,2021,0.5790588772011414
GEO,2022,0.6998742250335165
GHA,2009,0.6089717011035399
GHA,2010,
GHA,2011,0.5546873794356013
GHA,2012,0.5323437796005754
GHA,2013,0.3423908474431222
GHA,2014,0.41086074185361976
GHA,2015,0.46035166175634895
GHA,2016,0.41559646412047563
GHA,2017,0.3611137227366843
GHA,2018,0.30428336439480186
GHA,2019,0.4357401285354309
GHA,2020,0.23027735177426503
GHA,2021,0.22245820200580646
GHA,2022,0.13280929723288015
GIN,2009,0.13979652124106828
GIN,2010,
GIN,2011,0.9401725873528082
GIN,2012,0.530301523710794
GIN,2013,0.0008436185617883621
GIN,2014,0.05851996289153569
GIN,2015,0.04418643110972914
GIN,2016,1.0
GIN,2017,0.37366817980830275
GIN,2018,0.19852638143919857
GIN,2019,0.022524966137608963
GIN,2020,0.08456426278671027
GIN,2021,0.07839890598635352
GIN,2022,0.22316586345678463
GMB,2009,
GMB,2010,0.1605030583614866
GMB,2011,0.4461590005161363
GMB,2012,0.24108854332897234
GMB,2013,0.3546631629624918
GMB,2014,0.19105904036812385
GMB,2015,0.3590734768384604
GMB,2016,0.3195961131836634
GMB,2017,0.3145261193890159
GMB,2018,0.34114030919427435
GMB,2019,0.26727544263681174
GMB,2020,0.7102347096089775
GMB,2021,0.8447165584863731
GMB,2022,0.7060199978646642
GNB,2009,0.15158339990319972
GNB,2010,0.19650271538305392
GNB,2011,0.14912520464948348
GNB,2012,0.043032236399973896
GNB,2013,0.11800095983674366
GNB,2014,0.1855688512404396
GNB,2015,0.1210299949511796
GNB,2016,0.13091039856498912
GNB,2017,0.07267816610180977
GNB,2018,0.08994970094496542
GNB,2019,0.3009139957720734
GNB,2020,0.08329709959818443
GNB,2021,0.06806582318779988
GNB,2022,0.07970639691014679
GNQ,2009,
GNQ,2010,
GNQ,2011,
GNQ,2012,
GNQ,2013,
GNQ,2014,
GNQ,2015,0.6011480647911485
GNQ,2016,1.0
GNQ,2017,0.2249592306956642
GNQ,2018,0.17984090640702846
GNQ,2019,0.5792718149473665
GNQ,2020,0.017232265743904313
GNQ,2021,0.4293749647755414
GNQ,2022,0.6764638517614393
GRC,2009,0.10623023177772933
GRC,2010,0.05014516002922526
GRC,2011,0.06851375947360895
GRC,2012,0.0653262919019651
GRC,2013,0.10266136623902315
GRC,2014,0.1628424058462427
GRC,2015,0.09770536324820722
GRC,2016,0.15404633211335808
GRC,2017,0.11959876035110859
GRC,2018,0.14205454105527043
GRC,2019,0.18093773882787023
GRC,2020,0.13767730470156053
GRC,2021,0.24284262263313114
GRC,2022,0.3266325581405156
GRD,2009,0.9531571643441998
GRD,2010,0.5016440207898928
GRD,2011,0.7890538606665892
GRD,2012,0.4730931760698453
GRD,2013,1.0
GRD,2014,0.6622851092654597
GRD,2015,1.0
GRD,2016,0.7915817715582573
GRD,2017,0.9285579401758003
GRD,2018,1.0
GRD,2019,1.0
GRD,2020,1.0
GRD,2021,0.9599566578657883
GRD,2022,0.9406912973575906
GTM,2009,0.09127894197850608
GTM,2010,0.2617299523694957
GTM,2011,0.1620691252836653
GTM,2012,0.21150499483455637
GTM,2013,0.2006963570568526
GTM,2014,0.16448456254523858
GTM,2015,0.14565086204734906
GTM,2016,0.09739829189858915
GTM,2017,0.09887100248063686
GTM,2018,0.09679397511556867
GTM,2019,0.1334874486829383
GTM,2020,0.1051750925591087
GTM,2021,0.3290432026260931
GTM,2022,0.15202934451307704
GUM,2009,
GUM,2010,
GUM,2011,
GUM,2012,
GUM,2013,
GUM,2014,
GUM,2015,
GUM,2016,
GUM,2017,
GUM,2018,
GUM,2019,
GUM,2020,
GUM,2021,
GUM,2022,
GUY,2009,
GUY,2010,
GUY,2011,
GUY,2012,
GUY,2013,
GUY,2014,
GUY,2015,
GUY,2016,0.12492478477914014
GUY,2017,0.29801082894442027
GUY,2018,1.0
GUY,2019,1.0
GUY,2020,1.0
GUY,2021,1.0
GUY,2022,1.0
HND,2009,0.23091150144691291
HND,2010,0.4085083948661581
HND,2011,0.4038500408233754
HND,2012,0.47196891532223806
HND,2013,0.4131421874568762
HND,2014,0.70685778336654
HND,2015,0.5344124663138871
HND,2016,0.427913406826744
HND,2017,0.2982382269557941
HND,2018,0.5512177258414633
HND,2019,0.37900701427486594
HND,2020,0.10649313155297854
HND,2021,0.25770900637794064
HND,2022,0.16522112958212834
HRV,2009,0.4754573947833511
HRV,2010,0.22509433089109684
HRV,2011,0.13880243741054013
HRV,2012,0.1798250411419534
HRV,2013,0.10945375232183206
HRV,2014,0.6126765999241847
HRV,2015,0.07499266049832413
HRV,2016,0.28589791389040853
HRV,2017,0.279859407223511
HRV,2018,0.21414969299353906
HRV,2019,0.4422935605027603
HRV,2020,0.22010969112590426
HRV,2021,0.6092376392270459
HRV,2022,0.4051168008578012
HTI,2009,
HTI,2010,
HTI,2011,
HTI,2012,
HTI,2013,
HTI,2014,
HTI,2015,
HTI,2016,
HTI,2017,
HTI,2018,
HTI,2019,
HTI,2020,
HTI,2021,
HTI,2022,
HUN,2009,0.3430246548505818
HUN,2010,1.0
HUN,2011,0.9247405067834787
HUN,2012,0.969000858102329
HUN,2013,0.3683444662604931
HUN,2014,1.0
HUN,2015,0.7245649861998431
HUN,2016,1.0
HUN,2017,1.0
HUN,2018,1.0
HUN,2019,1.0
HUN,2020,1.0
HUN,2021,1.0
HUN,2022,0.28731206985397373
IDN,2009,0.08241495141955889
IDN,2010,0.10759008446794185
IDN,2011,0.12229900528532783
IDN,2012,0.11850413225420692
IDN,2013,0.13138086536099025
IDN,2014,0.13572087488639473
IDN,2015,0.1230352227862152
IDN,2016,0.09063098609625596
IDN,2017,0.10034455928223893
IDN,2018,0.10456515940707273
IDN,2019,0.10864236675293339
IDN,2020,0.10171563352802346
IDN,2021,0.09837606607102645
IDN,2022,0.10351243018134257
IND,2009,0.11202126559318817
IND,2010,0.08676006526259968
IND,2011,0.08887301491084898
IND,2012,0.0706185743347587
IND,2013,0.06722667475713955
IND,2014,0.08037543413828553
IND,2015,0.08398654959969346
IND,2016,0.0781461838393038
IND,2017,0.07351158759587892
IND,2018,0.0746127516222341
IND,2019,0.0799648813108116
IND,2020,0.09144053913286218
IND,2021,0.07412896583401798
IND,2022,0.07467614050600788
IRL,2009,1.0
IRL,2010,1.0
IRL,2011,0.6977852129868516
IRL,2012,1.0
IRL,2013,1.0
IRL,2014,1.0
IRL,2015,1.0
IRL,2016,1.0
IRL,2017,1.0
IRL,2018,1.0
IRL,2019,1.0
IRL,2020,1.0
IRL,2021,1.0
IRL,2022,0.5351691088717165
IRN,2009,0.049574097796817686
IRN,2010,0.05321523721683909
IRN,2011,0.04805250438121142
IRN,2012,0.06229382939099088
IRN,2013,0.04315414384140618
IRN,2014,0.030413229112627414
IRN,2015,0.035349219312118485
IRN,2016,0.04841873698654911
IRN,2017,0.06656670722569069
IRN,2018,0.03961449347573017
IRN,2019,0.03051482224915207
IRN,2020,0.03370633660522929
IRN,2021,0.02465697499019399
IRN,2022,0.025236856084959368
IRQ,2009,0.09972154719926789
IRQ,2010,0.07320897053217948
IRQ,2011,0.08786018563646537
IRQ,2012,0.11895889346656544
IRQ,2013,0.07280444906087967
IRQ,2014,0.30406263664111
IRQ,2015,0.3086770176098838
IRQ,2016,0.26228699481661105
IRQ,2017,0.18197001282239342
IRQ,2018,0.14876065374273423
IRQ,2019,0.09330179228252429
IRQ,2020,0.11079122843882093
IRQ,2021,0.08812609979124543
IRQ,2022,0.05397181169736543
ISL,2009,1.0
ISL,2010,1.0
ISL,2011,0.4898054390848612
ISL,2012,1.0
ISL,2013,0.4102866204686718
ISL,2014,0.29105628235346326
ISL,2015,0.6012440769736089
ISL,2016,0.9094849503838831
ISL,2017,1.0
ISL,2018,0.19353048542611548
ISL,2019,0.18755870482710751
ISL,2020,0.3799334145910996
ISL,2021,0.1126286007358335
ISL,2022,0.3725426151127455
ISR,2009,
ISR,2010,
ISR,2011,
ISR,2012,
ISR,2013,
ISR,2014,
ISR,2015,
ISR,2016,
ISR,2017,
ISR,2018,
ISR,2019,
ISR,2020,
ISR,2021,
ISR,2022,
ITA,2009,0.1055340495428332
ITA,2010,0.12637014058558566
ITA,2011,0.24949904664881906
ITA,2012,0.021709175748065388
ITA,2013,0.1232479025639081
ITA,2014,0.11506241773164358
ITA,2015,0.10377993066413911
ITA,2016,0.13889413631018127
ITA,2017,0.0695217146780177
ITA,2018,0.26326343633099236
ITA,2019,0.241647445941442
ITA,2020,0.07615147710701281
ITA,2021,0.25790194411196604
ITA,2022,0.34585426353168636
JAM,2009,0.2698270108216883
JAM,2010,0.10191216585364571
JAM,2011,0.0931542123758935
JAM,2012,0.2265671407918989
JAM,2013,0.2895437814439971
JAM,2014,0.30775292880019434
JAM,2015,0.42734437741245385
JAM,2016,0.5360819390467135
JAM,2017,0.3899270083882745
JAM,2018,0.3113894677644217
JAM,2019,0.43517319538241034
JAM,2020,0.12079526005126454
JAM,2021,0.1572862379137707
JAM,2022,0.1343098170406773
JOR,2009,0.6033666034095901
JOR,2010,0.378959693711926
JOR,2011,0.30982186666638845
JOR,2012,0.29721336133169496
JOR,2013,0.3454080751274712
JOR,2014,0.37199547462258364
JOR,2015,0.25180697640873734
JOR,2016,0.23746862877737818
JOR,2017,0.2981311890355811
JOR,2018,0.1352753529512405
JOR,2019,0.10596138153379699
JOR,2020,0.10940825568368881
JOR,2021,0.0838539759196473
JOR,2022,0.13509831242802725
JPN,2009,0.08819312718828543
JPN,2010,0.08597378387781096
JPN,2011,0.09348303739655406
JPN,2012,0.09331701105614751
JPN,2013,0.11909699272749211
JPN,2014,0.11925077204268017
JPN,2015,0.11936715140747776
JPN,2016,0.1419292428747449
JPN,2017,0.1324365365427696
JPN,2018,0.12798180155353484
JPN,2019,0.16970903497723439
JPN,2020,0.1379791148671664
JPN,2021,0.14965561287680762
JPN,2022,0.15631405942789078
KAZ,2009,1.0
KAZ,2010,0.5064594489415221
KAZ,2011,0.6554287404606527
KAZ,2012,0.4948886113789752
KAZ,2013,0.3377417647461146
KAZ,2014,0.29933615222192067
KAZ,2015,0.3577303971817049
KAZ,2016,1.0
KAZ,2017,0.2283653228416943
KAZ,2018,0.18559048549281734
KAZ,2019,0.21667560483678666
KAZ,2020,0.33264821056210275
KAZ,2021,0.24459122598375735
KAZ,2022,0.234582093367668
KEN,2009,0.02554208305786376
KEN,2010,0.02637595686248299
KEN,2011,0.21854512288244934
KEN,2012,0.19132873061268876
KEN,2013,0.14241457542212416
KEN,2014,0.0874809963644584
KEN,2015,0.08192732027895246
KEN,2016,0.05225663110745919
KEN,2017,0.11832092810329929
KEN,2018,0.05574502896503519
KEN,2019,0.03368367324958702
KEN,2020,0.025641864829200958
KEN,2021,0.074324647310955
KEN,2022,0.07763364847035775
KGZ,2009,0.26956946417850713
KGZ,2010,0.6818901229005488
KGZ,2011,0.7417542619373236
KGZ,2012,0.2796402791486877
KGZ,2013,0.5626539852710316
KGZ,2014,0.40669492268551083
KGZ,2015,1.0
KGZ,2016,0.645299053565973
KGZ,2017,0.11794780406058941
KGZ,2018,0.12023970011109059
KGZ,2019,0.3351165390770693
KGZ,2020,0.4694656995188756
KGZ,2021,0.4041621649894497
KGZ,2022,0.27988677163831244
KHM,2009,0.235527526688565
KHM,2010,0.290376890075326
KHM,2011,0.2796072369453084
KHM,2012,0.3111089610621613
KHM,2013,0.29914864752036496
KHM,2014,0.25962668347987017
KHM,2015,0.2420666604148039
KHM,2016,0.2764188795987427
KHM,2017,0.28177731473021755
KHM,2018,0.2853279377356353
KHM,2019,0.2892519542428852
KHM,2020,0.2995005984511444
KHM,2021,0.2783932221169231
KHM,2022,0.2704913677103625
KIR,2009,0.2399973686424312
KIR,2010,0.2684338829110778
KIR,2011,0.01414841411647631
KIR,2012,0.07901264390492768
KIR,2013,0.032885259526011644
KIR,2014,0.09248364735996421
KIR,2015,0.03277820326678464
KIR,2016,0.062239182661705
KIR,2017,0.02717515784454486
KIR,2018,0.03608085130861106
KIR,2019,0.02062615800292724
KIR,2020,0.08256648401721893
KIR,2021,0.026455360967229676
KIR,2022,0.10538875570149311
KNA,2009,1.0
KNA,2010,1.0
KNA,2011,0.7340021667273595
KNA,2012,0.9666567996234521
KNA,2013,1.0
KNA,2014,1.0
KNA,2015,0.9277655484619795
KNA,2016,0.8240276436102918
KNA,2017,0.3415872508619957
KNA,2018,0.42206739418626427
KNA,2019,0.4498341250976449
KNA,2020,0.051191105300868595
KNA,2021,0.2670486050002581
KNA,2022,0.3305495434978951
KOR,2009,0.12375513009701625
KOR,2010,0.13324287535080764
KOR,2011,0.13031764230918988
KOR,2012,0.13005136117358587
KOR,2013,0.12727367126599884
KOR,2014,0.11789981300284262
KOR,2015,0.10611093801614904
KOR,2016,0.12318530373918193
KOR,2017,0.1307910169352734
KOR,2018,0.12525882945687647
KOR,2019,0.1212531439539451
KOR,2020,0.11999488907139363
KOR,2021,0.16067639928972932
KOR,2022,0.1709731711720297
KWT,2009,0.6099541851655977
KWT,2010,0.41556668914666856
KWT,2011,0.6072908749942052
KWT,2012,0.3682477375949161
KWT,2013,0.6921142086133802
KWT,2014,0.5571750734471961
KWT,2015,0.3330419608544342
KWT,2016,0.4079368792903831
KWT,2017,0.395024656445313
KWT,2018,0.14392245010776372
KWT,2019,0.24586744398280833
KWT,2020,0.22285013750421723
KWT,2021,0.11294405740183001
KWT,2022,0.9191829955779864
LAO,2009,0.3668071088269953
LAO,2010,0.2918965218935273
LAO,2011,0.22940850066261237
LAO,2012,0.41507161086055583
LAO,2013,0.394978285042602
LAO,2014,0.4391332093777818
LAO,2015,0.5163951374801433
LAO,2016,0.39821121297181855
LAO,2017,0.6623211672461893
LAO,2018,0.49904324513522763
LAO,2019,0.26876609637806
LAO,2020,
LAO,2021,
LAO,2022,0.31300902513272355
LBN,2009,1.0
LBN,2010,0.8265777013592774
LBN,2011,0.6801884415999064
LBN,2012,0.6272614956959274
LBN,2013,0.6593819948772109
LBN,2014,0.5687629378283742
LBN,2015,0.37646567049817237
LBN,2016,0.4657433446048496
LBN,2017,0.48274706982369625
LBN,2018,0.39940837290932657
LBN,2019,0.2900741961163913
LBN,2020,0.3438869749386708
LBN,2021,0.5586979404594388
LBN,2022,0.18831898232583863
LBR,2009,0.8212798481763333
LBR,2010,1.0
LBR,2011,1.0
LBR,2012,1.0
LBR,2013,1.0
LBR,2014,1.0
LBR,2015,0.5434631782861059
LBR,2016,0.9403646728867227
LBR,2017,0.5938143159598271
LBR,2018,0.4152707731859593
LBR,2019,0.37886693048322034
LBR,2020,0.2252938298832764
LBR,2021,0.19468494550389914
LBR,2022,0.36325822462637075
LBY,2009,0.2780310222987204
LBY,2010,0.3985098329067688
LBY,2011,
LBY,2012,0.28339169521643
LBY,2013,0.12472278604182277
LBY,2014,
LBY,2015,
LBY,2016,
LBY,2017,
LBY,2018,
LBY,2019,
LBY,2020,
LBY,2021,0.15681376992538268
LBY,2022,0.1175746112616422
LCA,2009,0.7022757495045048
LCA,2010,0.8559953510550502
LCA,2011,0.4370452074840317
LCA,2012,0.5729705466397292
LCA,2013,0.9528418292458604
LCA,2014,0.38009272892170254
LCA,2015,0.6473071884986511
LCA,2016,0.6208929467239331
LCA,2017,0.3192204572258755
LCA,2018,0.17726145801976384
LCA,2019,0.3840207305547683
LCA,2020,0.5403517625201807
LCA,2021,0.31282402084982835
LCA,2022,0.21860214676096626
LKA,2009,0.06719563563435206
LKA,2010,0.05912847172967325
LKA,2011,0.09996267947455283
LKA,2012,0.09511066432269687
LKA,2013,0.08640112957375713
LKA,2014,0.07758303748525003
LKA,2015,0.05740121267152637
LKA,2016,0.08589809057424326
LKA,2017,0.10204686246780012
LKA,2018,0.11871539051736588
LKA,2019,0.061486213336985736
LKA,2020,0.03546296688784271
LKA,2021,0.045901340927189796
LKA,2022,0.08086030494379914
LSO,2009,
LSO,2010,
LSO,2011,
LSO,2012,
LSO,2013,
LSO,2014,
LSO,2015,
LSO,2016,
LSO,2017,
LSO,2018,
LSO,2019,
LSO,2020,
LSO,2021,
LSO,2022,
LTU,2009,0.06545775824351976
LTU,2010,0.08002579652313527
LTU,2011,0.13886232199145515
LTU,2012,0.06546775044034994
LTU,2013,0.061534711600058974
LTU,2014,0.051388344563752575
LTU,2015,0.08109480620436971
LTU,2016,0.11129635223047359
LTU,2017,0.09083247041044669
LTU,2018,0.10023207927441782
LTU,2019,0.2170285436368094
LTU,2020,0.30974171656503197
LTU,2021,0.12664621037742313
LTU,2022,0.10523486637535556
LUX,2009,1.0
LUX,2010,1.0
LUX,2011,1.0
LUX,2012,1.0
LUX,2013,1.0
LUX,2014,1.0
LUX,2015,1.0
LUX,2016,1.0
LUX,2017,1.0
LUX,2018,1.0
LUX,2019,1.0
LUX,2020,1.0
LUX,2021,1.0
LUX,2022,1.0
LVA,2009,0.08918512764658516
LVA,2010,0.16413862077182179
LVA,2011,0.40823142172922017
LVA,2012,0.3053733509599969
LVA,2013,0.3391672552630218
LVA,2014,0.38296064701505417
LVA,2015,0.24214810328526262
LVA,2016,0.14278382551311847
LVA,2017,0.4008344350319436
LVA,2018,0.15104581165224368
LVA,2019,0.2426878752189382
LVA,2020,0.22708819072746755
LVA,2021,1.0
LVA,2022,0.2430082952399374
MAR,2009,0.16142545337672387
MAR,2010,0.1203323254729697
MAR,2011,0.1677185274500857
MAR,2012,0.1995882651741933
MAR,2013,0.21920584382351455
MAR,2014,0.22141513420617737
MAR,2015,0.23605177800628888
MAR,2016,0.16326984352376508
MAR,2017,0.20765156226953355
MAR,2018,0.22643933068405409
MAR,2019,0.1351720669118472
MAR,2020,0.10317009318750596
MAR,2021,0.13645353891602585
MAR,2022,0.14902443175511007
MDA,2009,0.32937248810822733
MDA,2010,0.29057182168176743
MDA,2011,0.3237405162075217
MDA,2012,0.21265019167263705
MDA,2013,0.19139243934848452
MDA,2014,0.27421562250828374
MDA,2015,0.1993587689899183
MDA,2016,0.08417579002783719
MDA,2017,0.11238398798757965
MDA,2018,0.20377366827801371
MDA,2019,0.31988284218458646
MDA,2020,0.0922229991345219
MDA,2021,0.19495755340991502
MDA,2022,0.2895996961490204
MDG,2009,0.9147207578754429
MDG,2010,0.6383266749839256
MDG,2011,0.4950826575305186
MDG,2012,0.49009482278502475
MDG,2013,0.31201724114512963
MDG,2014,0.21807034925525753
MDG,2015,0.24138626813100922
MDG,2016,0.3547928743864157
MDG,2017,0.28881233939872025
MDG,2018,0.35364868202040917
MDG,2019,0.2722171085704382
MDG,2020,0.24393758041811667
MDG,2021,0.21914444004727932
MDG,2022,0.26500631313995243
MDV,2009,
MDV,2010,
MDV,2011,
MDV,2012,
MDV,2013,
MDV,2014,
MDV,2015,
MDV,2016,
MDV,2017,
MDV,2018,
MDV,2019,
MDV,2020,
MDV,2021,
MDV,2022,
MEX,2009,0.09438699830372672
MEX,2010,0.11562220128275738
MEX,2011,0.08571720390325524
MEX,2012,0.08696916148491307
MEX,2013,0.13190167163379202
MEX,2014,0.07788271595067339
MEX,2015,0.1058535670294958
MEX,2016,0.11210468591194193
MEX,2017,0.08877547401431456
MEX,2018,0.10777781587516044
MEX,2019,0.08326141576399823
MEX,2020,0.09328045318810796
MEX,2021,0.08256346754019081
MEX,2022,0.10513428111013008
MHL,2009,
MHL,2010,
MHL,2011,
MHL,2012,
MHL,2013,
MHL,2014,
MHL,2015,
MHL,2016,
MHL,2017,
MHL,2018,
MHL,2019,
MHL,2020,
MHL,2021,
MHL,2022,
MKD,2009,0.2365043970201794
MKD,2010,0.2806558074238621
MKD,2011,0.3442578065757072
MKD,2012,0.3491056800616998
MKD,2013,0.3081003262271317
MKD,2014,0.15336706068404915
MKD,2015,0.24037880972530698
MKD,2016,0.4681064131977813
MKD,2017,0.3319103118684539
MKD,2018,0.37491355031652235
MKD,2019,0.36755770074241145
MKD,2020,0.0932578075567728
MKD,2021,0.44726877359195555
MKD,2022,0.4902128742024653
MLI,2009,0.4126520581558264
MLI,2010,0.20921577174155573
MLI,2011,0.2421396296868089
MLI,2012,0.18645422700694342
MLI,2013,0.13157763440059683
MLI,2014,0.05652453245894241
MLI,2015,0.15311254506195954
MLI,2016,0.1805613482260121
MLI,2017,0.20874125698179477
MLI,2018,0.15304547487016967
MLI,2019,0.2800206845637068
MLI,2020,0.17328316086004847
MLI,2021,0.2016933741468137
MLI,2022,0.22452061484220673
MLT,2009,1.0
MLT,2010,1.0
MLT,2011,1.0
MLT,2012,1.0
MLT,2013,1.0
MLT,2014,1.0
MLT,2015,1.0
MLT,2016,1.0
MLT,2017,1.0
MLT,2018,1.0
MLT,2019,1.0
MLT,2020,1.0
MLT,2021,1.0
MLT,2022,1.0
MMR,2009,
MMR,2010,
MMR,2011,
MMR,2012,
MMR,2013,
MMR,2014,
MMR,2015,
MMR,2016,
MMR,2017,
MMR,2018,
MMR,2019,
MMR,2020,
MMR,2021,
MMR,2022,
MNE,2009,1.0
MNE,2010,1.0
MNE,2011,0.8499965403083553
MNE,2012,1.0
MNE,2013,0.6996768249560156
MNE,2014,0.7640715691985529
MNE,2015,1.0
MNE,2016,0.6296868834383152
MNE,2017,0.7934256170520886
MNE,2018,0.7266464871052316
MNE,2019,0.6001857131663667
MNE,2020,0.754348739571666
MNE,2021,0.8065287262859342
MNE,2022,0.9841991558973725
MNG,2009,0.33756581395546
MNG,2010,0.34199999999999997
MNG,2011,0.34199999999999997
MNG,2012,0.34199999999999997
MNG,2013,0.34199999999999997
MNG,2014,0.11476802582375684
MNG,2015,0.060197809003827984
MNG,2016,0.34199999999999997
MNG,2017,0.31078931554184425
MNG,2018,0.34199999999999997
MNG,2019,0.34199999999999997
MNG,2020,0.3041626367014359
MNG,2021,0.3411864150943961
MNG,2022,0.34199999999999997
MOZ,2009,0.5243638259291343
MOZ,2010,0.8741276809552506
MOZ,2011,1.0
MOZ,2012,1.0
MOZ,2013,1.0
MOZ,2014,1.0
MOZ,2015,1.0
MOZ,2016,1.0
MOZ,2017,1.0
MOZ,2018,0.7561764920061792
MOZ,2019,1.0
MOZ,2020,1.0
MOZ,2021,1.0
MOZ,2022,1.0
MRT,2009,
MRT,2010,0.17443543706878975
MRT,2011,0.5816654733710823
MRT,2012,1.0
MRT,2013,1.0
MRT,2014,0.5344379639025035
MRT,2015,
MRT,2016,
MRT,2017,
MRT,2018,1.0
MRT,2019,
MRT,2020,0.7537358193713138
MRT,2021,0.780089621567658
MRT,2022,0.9792563554426452
MUS,2009,0.21193437762384315
MUS,2010,0.3671054576381401
MUS,2011,0.3374752959103288
MUS,2012,0.4334929585497821
MUS,2013,0.24729749693017478
MUS,2014,0.3006634303649782
MUS,2015,0.1732792976123699
MUS,2016,0.2127129242875199
MUS,2017,0.27306970647586376
MUS,2018,0.24911618268921892
MUS,2019,0.22841685275758464
MUS,2020,0.13877078021971276
MUS,2021,0.18841785332281158
MUS,2022,0.3476433366954853
MWI,2009,0.037337039463860966
MWI,2010,0.09169718235209268
MWI,2011,0.46570909300141156
MWI,2012,0.010204017193656137
MWI,2013,0.3781431113073993
MWI,2014,0.45661494090072485
MWI,2015,0.2117638213638625
MWI,2016,0.10106837501178503
MWI,2017,0.07220098865085982
MWI,2018,0.12096240176798832
MWI,2019,0.047342238365690806
MWI,2020,0.230025114120594
MWI,2021,0.07008782185683417
MWI,2022,0.13808880768571852
MYS,2009,0.22596473349166799
MYS,2010,0.6858405439826163
MYS,2011,0.7434726431959853
MYS,2012,0.5468431081818051
MYS,2013,0.5094609198971144
MYS,2014,0.5261161719843189
MYS,2015,0.45127540400142563
MYS,2016,0.521536612679907
MYS,2017,0.31288883727339795
MYS,2018,0.2614316823963343
MYS,2019,0.30456171000129983
MYS,2020,0.1452981077319227
MYS,2021,0.5891117963022733
MYS,2022,0.43873333148873567
NAM,2009,0.6660110293802207
NAM,2010,0.17054429636962776
NAM,2011,0.43496343007401983
NAM,2012,0.5381081172311218
NAM,2013,0.4330645107009587
NAM,2014,0.2507940942016732
NAM,2015,0.5547334085224876
NAM,2016,0.22791137332617145
NAM,2017,0.17937465175799822
NAM,2018,0.16137614416605592
NAM,2019,0.09858332346414392
NAM,2020,0.1269662854640803
NAM,2021,0.4612696604912873
NAM,2022,0.5658866799381467
NCL,2009,0.9501666030409689
NCL,2010,1.0
NCL,2011,1.0
NCL,2012,1.0
NCL,2013,1.0
NCL,2014,1.0
NCL,2015,0.9626687505867519
NCL,2016,0.7005380685615961
NCL,2017,0.41052554481519543
NCL,2018,0.29565999671315935
NCL,2019,0.5626270638501961
NCL,2020,0.44177777819584013
NCL,2021,0.5452559041196375
NCL,2022,0.5218641732304822
NER,2009,0.6608613896496356
NER,2010,0.8500026810594884
NER,2011,0.8180332662473512
NER,2012,0.5964563801794999
NER,2013,0.5347064621589702
NER,2014,0.5594726585397128
NER,2015,0.3880098381263996
NER,2016,0.22018752433072578
NER,2017,0.2158585805660646
NER,2018,0.262824937646347
NER,2019,0.4021066797814834
NER,2020,0.18348791376118595
NER,2021,0.2830213384330227
NER,2022,0.4183653131919518
NGA,2009,0.22781994463412739
NGA,2010,0.12603368069917595
NGA,2011,0.15534537037689877
NGA,2012,0.12357139853143856
NGA,2013,0.0870354148731603
NGA,2014,0.07324162906100734
NGA,2015,0.06084014919962301
NGA,2016,0.06241989525815309
NGA,2017,0.048327107227489854
NGA,2018,0.02119503155655441
NGA,2019,0.025843970408483505
NGA,2020,0.042974663973690985
NGA,2021,0.05615627486946115
NGA,2022,0.002615919995190993
NIC,2009,0.3719456952129898
NIC,2010,0.38438401209593764
NIC,2011,0.6438634426068275
NIC,2012,0.5311423136582265
NIC,2013,0.6769256688589497
NIC,2014,0.6569903223835735
NIC,2015,0.5288725645414123
NIC,2016,0.5290745087966047
NIC,2017,0.5318963858699419
NIC,2018,0.4671449499059638
NIC,2019,0.29508830341332704
NIC,2020,0.41174179372074177
NIC,2021,0.49814558393337854
NIC,2022,0.5570758769177308
NLD,2009,1.0
NLD,2010,1.0
NLD,2011,1.0
NLD,2012,1.0
NLD,2013,1.0
NLD,2014,1.0
NLD,2015,1.0
NLD,2016,1.0
NLD,2017,1.0
NLD,2018,1.0
NLD,2019,1.0
NLD,2020,1.0
NLD,2021,1.0
NLD,2022,1.0
NOR,2009,0.11503857046713475
NOR,2010,0.25536736556435696
NOR,2011,0.11183229933466812
NOR,2012,0.2314828885219054
NOR,2013,0.0726220885240691
NOR,2014,0.12000582329988738
NOR,2015,0.16425556579079884
NOR,2016,0.15108579689901006
NOR,2017,0.05275237875334863
NOR,2018,0.10677395669821105
NOR,2019,0.13412015254608414
NOR,2020,0.08164240633843795
NOR,2021,0.2106585120914638
NOR,2022,0.15739048970824096
NPL,2009,
NPL,2010,
NPL,2011,
NPL,2012,
NPL,2013,
NPL,2014,
NPL,2015,
NPL,2016,
NPL,2017,
NPL,2018,
NPL,2019,
NPL,2020,
NPL,2021,
NPL,2022,
NRU,2009,
NRU,2010,
NRU,2011,
NRU,2012,
NRU,2013,
NRU,2014,
NRU,2015,
NRU,2016,
NRU,2017,
NRU,2018,0.4514519066053374
NRU,2019,0.20987133391526924
NRU,2020,0.2537223086034418
NRU,2021,0.812588094493372
NRU,2022,0.4242945630132491
NZL,2009,0.11643951666001513
NZL,2010,0.059890118118820286
NZL,2011,0.059310586868543486
NZL,2012,0.14872053525656478
NZL,2013,0.05180224594584642
NZL,2014,0.15468816702669536
NZL,2015,0.003334216177164704
NZL,2016,0.09781404785332079
NZL,2017,0.07972062485306854
NZL,2018,0.09763232040019566
NZL,2019,0.14496520133613394
NZL,2020,0.17767213498628
NZL,2021,0.16214369626610692
NZL,2022,0.27988889577783743
OMN,2009,0.1902564319024224
OMN,2010,0.2811524609843932
OMN,2011,0.24534383970181092
OMN,2012,0.171582556500747
OMN,2013,0.18873498764232477
OMN,2014,0.19005240890165737
OMN,2015,0.2123734344866168
OMN,2016,0.2327262551782231
OMN,2017,0.43716936748001933
OMN,2018,0.41757617098681193
OMN,2019,0.19561283818772132
OMN,2020,0.24122446369184597
OMN,2021,0.7578230482090383
OMN,2022,0.4355278609038201
PAK,2009,0.08572750071765987
PAK,2010,0.07012027781681368
PAK,2011,0.04012953958903187
PAK,2012,0.02494932507152842
PAK,2013,0.03982104012094623
PAK,2014,0.049350786317608634
PAK,2015,0.037737913390817814
PAK,2016,0.05586200297392992
PAK,2017,0.05007779921286507
PAK,2018,0.03290950027468875
PAK,2019,0.04817558006786591
PAK,2020,0.04664493596875312
PAK,2021,0.04569843875011255
PAK,2022,0.04657362487591109
PAN,2009,0.3020858635468223
PAN,2010,0.5935847648973372
PAN,2011,1.0
PAN,2012,0.5585387925750589
PAN,2013,0.6193463650882817
PAN,2014,0.7569549185336311
PAN,2015,0.7491179873878285
PAN,2016,0.6625832576353748
PAN,2017,0.458093993168097
PAN,2018,0.4699594490300615
PAN,2019,0.5177937453663466
PAN,2020,0.5458900101772969
PAN,2021,0.19763329271666877
PAN,2022,0.22720672702770198
PER,2009,0.3774869974594685
PER,2010,0.40177323615411675
PER,2011,0.3114723452024531
PER,2012,0.5706642601651707
PER,2013,0.3250084536593139
PER,2014,0.16932428027161028
PER,2015,0.28348919340527845
PER,2016,0.2971876446961466
PER,2017,0.28889017261472566
PER,2018,0.20914632188004625
PER,2019,0.1651932123451962
PER,2020,0.0932321412593409
PER,2021,0.26828477193088823
PER,2022,0.3244406687069293
PHL,2009,0.07302635046128098
PHL,2010,0.0643063163083001
PHL,2011,0.06520307989780481
PHL,2012,0.08441890827674349
PHL,2013,0.08002005963049419
PHL,2014,0.11199453612267964
PHL,2015,0.10095684107266986
PHL,2016,0.09501430068452417
PHL,2017,0.11056906648574057
PHL,2018,0.1090991820913293
PHL,2019,0.09180868336514059
PHL,2020,0.08541054144921015
PHL,2021,0.10024024603039457
PHL,2022,0.09404875795577965
PLW,2009,0.020999999999999998
PLW,2010,0.020999999999999998
PLW,2011,0.020999999999999998
PLW,2012,0.020999999999999998
PLW,2013,0.020999999999999998
PLW,2014,0.020999999999999998
PLW,2015,0.020999999999999998
PLW,2016,0.020999999999999998
PLW,2017,0.020999999999999998
PLW,2018,0.020999999999999998
PLW,2019,0.020999999999999998
PLW,2020,0.020999999999999998
PLW,2021,0.020999999999999998
PLW,2022,0.020999999999999998
PNG,2009,0.2447239529578196
PNG,2010,0.019953487979143564
PNG,2011,0.12997390287732521
PNG,2012,0.03807037811806197
PNG,2013,0.011233731680411276
PNG,2014,0.025468136863728105
PNG,2015,0.011862320491004177
PNG,2016,0.10643341073985622
PNG,2017,0.16061662279464983
PNG,2018,0.24391713890609934
PNG,2019,0.41771128818429837
PNG,2020,0.31022326128948907
PNG,2021,0.4201843636576864
PNG,2022,0.7687062141024703
POL,2009,0.30175226416136763
POL,2010,0.39738278916519276
POL,2011,0.2984694544466364
POL,2012,0.12359095363083931
POL,2013,0.057123025483462875
POL,2014,0.33995274815297755
POL,2015,0.2900645183038563
POL,2016,0.4516337104868276
POL,2017,0.2081800580752084
POL,2018,0.25053677478335745
POL,2019,0.2696936736174707
POL,2020,0.27681585309324325
POL,2021,0.4617340087747531
POL,2022,0.5212039095513682
PRI,2009,
PRI,2010,
PRI,2011,
PRI,2012,
PRI,2013,
PRI,2014,
PRI,2015,
PRI,2016,
PRI,2017,
PRI,2018,
PRI,2019,
PRI,2020,
PRI,2021,
PRI,2022,
PRK,2009,
PRK,2010,
PRK,2011,
PRK,2012,
PRK,2013,
PRK,2014,
PRK,2015,
PRK,2016,
PRK,2017,
PRK,2018,
PRK,2019,
PRK,2020,
PRK,2021,
PRK,2022,
PRT,2009,0.25614040178544084
PRT,2010,0.34853006287522426
PRT,2011,0.7139698145485803
PRT,2012,0.6222273210024565
PRT,2013,0.6433675439867457
PRT,2014,0.4687125788643462
PRT,2015,0.07270998819407028
PRT,2016,0.3572998963674021
PRT,2017,0.42253739609140245
PRT,2018,0.27738224138639517
PRT,2019,0.3454285409576258
PRT,2020,0.19028130677240127
PRT,2021,0.24092759944500752
PRT,2022,0.4797191903072008
PRY,2009,0.07727651471458298
PRY,2010,0.24823645010460416
PRY,2011,0.15017842917426077
PRY,2012,0.2180599577293768
PRY,2013,0.20542878760595357
PRY,2014,0.32512863120601443
PRY,2015,0.24271763628030746
PRY,2016,0.25965113166207354
PRY,2017,0.20966758467805324
PRY,2018,0.10854155620350373
PRY,2019,0.13701166768895345
PRY,2020,0.07559725829386159
PRY,2021,0.1681171413504951
PRY,2022,0.19153181010789455
PSE,2009,
PSE,2010,
PSE,2011,
PSE,2012,
PSE,2013,
PSE,2014,
PSE,2015,
PSE,2016,
PSE,2017,
PSE,2018,
PSE,2019,
PSE,2020,
PSE,2021,
PSE,2022,
PYF,2009,0.030007262806466355
PYF,2010,0.11183733535283269
PYF,2011,0.17408039996805302
PYF,2012,0.22046130841215011
PYF,2013,0.18156140211828747
PYF,2014,0.10027977378742292
PYF,2015,0.061019508496246946
PYF,2016,0.10402331025231656
PYF,2017,0.12054819421451073
PYF,2018,0.047660982219813706
PYF,2019,0.03702503716833253
PYF,2020,0.02235001109822646
PYF,2021,0.043079737945546585
PYF,2022,0.01818961450183517
QAT,2009,0.7729721581110872
QAT,2010,0.3481130354005416
QAT,2011,0.43896200329020113
QAT,2012,0.07978544114459865
QAT,2013,0.2972850364282495
QAT,2014,0.2517881415922522
QAT,2015,0.20997618269646676
QAT,2016,0.3811902467012212
QAT,2017,0.11093663717672875
QAT,2018,0.20760056261874313
QAT,2019,0.27453118953527583
QAT,2020,0.2383935663214344
QAT,2021,0.046487608833537336
QAT,2022,0.0695741135806635
ROU,2009,0.17809429592265882
ROU,2010,0.13521692129148954
ROU,2011,0.08399526811751588
ROU,2012,0.12115031759152668
ROU,2013,0.1375263890216342
ROU,2014,0.1381385862356358
ROU,2015,0.20042931170805822
ROU,2016,0.27012679671721546
ROU,2017,0.2011046365552372
ROU,2018,0.24392927500466413
ROU,2019,0.24762902262972658
ROU,2020,0.1011086522223124
ROU,2021,0.3065366809926237
ROU,2022,0.30818858216277883
RUS,2009,0.4354687921573022
RUS,2010,0.4187509566642491
RUS,2011,0.39732493906879296
RUS,2012,0.30011100600101087
RUS,2013,0.45286063991535214
RUS,2014,0.2561251041426165
RUS,2015,0.14149086008275577
RUS,2016,0.2864129928610453
RUS,2017,0.27660397471854026
RUS,2018,0.16155205349357746
RUS,2019,0.2122238592329699
RUS,2020,0.06843059154090476
RUS,2021,0.3875411546274508
RUS,2022,0.15379854877800228
RWA,2009,
RWA,2010,
RWA,2011,
RWA,2012,
RWA,2013,
RWA,2014,0.26058679245293576
RWA,2015,0.130646656906446
RWA,2016,0.2539731256112115
RWA,2017,0.21075341308607026
RWA,2018,0.26538863433316306
RWA,2019,0.17023018332266948
RWA,2020,0.09701725474998171
RWA,2021,0.138267198883421
RWA,2022,0.14795658647434315
SAU,2009,0.0406064518860795
SAU,2010,0.11088752830855281
SAU,2011,0.07946958355698237
SAU,2012,0.08366663520012921
SAU,2013,0.07201160428607442
SAU,2014,0.0584812397970148
SAU,2015,0.08999498152864713
SAU,2016,0.30192680778752
SAU,2017,0.08262914806591924
SAU,2018,0.236068103958151
SAU,2019,0.13224043612130962
SAU,2020,0.06104716760130843
SAU,2021,0.3597324961373687
SAU,2022,0.2864578449808927
SDN,2009,
SDN,2010,
SDN,2011,
SDN,2012,
SDN,2013,
SDN,2014,
SDN,2015,
SDN,2016,
SDN,2017,
SDN,2018,
SDN,2019,
SDN,2020,
SDN,2021,0.11240060798140032
SDN,2022,
SEN,2009,0.17302983951956255
SEN,2010,0.1158118008203502
SEN,2011,0.14452169071489054
SEN,2012,0.12538054600451048
SEN,2013,0.12146570722098715
SEN,2014,0.14498903452196568
SEN,2015,0.16522680522405142
SEN,2016,0.24378883801538517
SEN,2017,0.21327802586529138
SEN,2018,0.259740027596555
SEN,2019,0.32374082731695947
SEN,2020,0.5285531563152677
SEN,2021,0.6394694502498058
SEN,2022,0.7195635204165894
SGP,2009,0.38749999999999996
SGP,2010,0.38749999999999996
SGP,2011,0.38749999999999996
SGP,2012,0.38749999999999996
SGP,2013,0.38749999999999996
SGP,2014,0.38749999999999996
SGP,2015,0.38749999999999996
SGP,2016,0.38749999999999996
SGP,2017,0.38749999999999996
SGP,2018,0.38749999999999996
SGP,2019,0.38749999999999996
SGP,2020,0.38749999999999996
SGP,2021,0.38749999999999996
SGP,2022,0.38749999999999996
SLB,2009,0.4267592880260665
SLB,2010,1.0
SLB,2011,0.7754180188090537
SLB,2012,0.14862458108701626
SLB,2013,0.2927079996309369
SLB,2014,0.10829336468582647
SLB,2015,0.18827296514496633
SLB,2016,0.18706990286446204
SLB,2017,0.22636518126669142
SLB,2018,0.14050815541375578
SLB,2019,0.15166309062247652
SLB,2020,0.05340940580279776
SLB,2021,0.1403571062005078
SLB,2022,0.19577836367543994
SLE,2009,0.18691997706082952
SLE,2010,0.37289597935095503
SLE,2011,
SLE,2012,
SLE,2013,
SLE,2014,
SLE,2015,
SLE,2016,
SLE,2017,
SLE,2018,
SLE,2019,
SLE,2020,
SLE,2021,
SLE,2022,
SLV,2009,0.14077870862644085
SLV,2010,0.08151429614261156
SLV,2011,0.07179105849592947
SLV,2012,0.14527179737117216
SLV,2013,0.09435746852043689
SLV,2014,0.2083627087531427
SLV,2015,0.1685944030331908
SLV,2016,0.16840284345153664
SLV,2017,0.23722267010614595
SLV,2018,0.2116371952160602
SLV,2019,0.1876931105153445
SLV,2020,0.20606021007202438
SLV,2021,0.2817683446716386
SLV,2022,0.029957485608995707
SMR,2009,
SMR,2010,
SMR,2011,
SMR,2012,
SMR,2013,
SMR,2014,
SMR,2015,
SMR,2016,
SMR,2017,
SMR,2018,
SMR,2019,
SMR,2020,
SMR,2021,0.4964477336240465
SMR,2022,0.5003532389712144
SOM,2009,
SOM,2010,
SOM,2011,
SOM,2012,
SOM,2013,
SOM,2014,
SOM,2015,
SOM,2016,
SOM,2017,
SOM,2018,
SOM,2019,
SOM,2020,
SOM,2021,
SOM,2022,
SRB,2009,0.422545482732405
SRB,2010,0.28877796635065445
SRB,2011,0.6816542990938196
SRB,2012,0.23687126122956245
SRB,2013,0.3159392084111365
SRB,2014,0.31901865294607057
SRB,2015,0.43383202815441557
SRB,2016,0.41169408112951106
SRB,2017,0.44143783719903
SRB,2018,0.5594753562616624
SRB,2019,0.5649327057178944
SRB,2020,0.42981018370055063
SRB,2021,0.49093191825946153
SRB,2022,0.4714260976160062
SSD,2009,
SSD,2010,
SSD,2011,
SSD,2012,
SSD,2013,
SSD,2014,
SSD,2015,0.0006556757212327357
SSD,2016,
SSD,2017,
SSD,2018,
SSD,2019,
SSD,2020,
SSD,2021,
SSD,2022,
STP,2009,0.5199396318112568
STP,2010,1.0
STP,2011,0.9552922153843459
STP,2012,0.6648407994663114
STP,2013,0.3263550497993922
STP,2014,0.691903706216645
STP,2015,0.7840745446583962
STP,2016,0.5551354432662274
STP,2017,0.7149120289577435
STP,2018,0.4533247794209155
STP,2019,0.4056846069037886
STP,2020,0.6785884373070834
STP,2021,0.7515004820633641
STP,2022,0.6873887424967223
SUR,2009,
SUR,2010,
SUR,2011,0.32815996276300363
SUR,2012,0.23141468966906564
SUR,2013,0.2430968486562357
SUR,2014,0.36057495197596046
SUR,2015,0.34689698292887655
SUR,2016,0.602851996671676
SUR,2017,0.1822787410514438
SUR,2018,0.23811089393017665
SUR,2019,0.2923366945014554
SUR,2020,0.003963073377977548
SUR,2021,0.6569304022921794
SUR,2022,0.5407692315804568
SVK,2009,0.29957911535600673
SVK,2010,0.24552723522524847
SVK,2011,0.5435738935814477
SVK,2012,0.21175685676429437
SVK,2013,0.15336961180754272
SVK,2014,0.04208750559254962
SVK,2015,0.21968441550935455
SVK,2016,0.6523770746600794
SVK,2017,0.3974355001096501
SVK,2018,0.20074942357456513
SVK,2019,0.15436142701877023
SVK,2020,0.17120144240271615
SVK,2021,0.2172340745378222
SVK,2022,0.3957134799056613
SVN,2009,0.09164146573009291
SVN,2010,0.07235280529011368
SVN,2011,0.11588290662883793
SVN,2012,0.08660600405043144
SVN,2013,0.01895635116075474
SVN,2014,0.16588367141558472
SVN,2015,0.3209189193616972
SVN,2016,0.2895801817785706
SVN,2017,0.2529844261752531
SVN,2018,0.24673399574435406
SVN,2019,0.42615994132142976
SVN,2020,0.1664803781419417
SVN,2021,0.42392055984794086
SVN,2022,0.33520985439445
SWE,2009,0.20518097675053681
SWE,2010,0.13433033089661872
SWE,2011,0.14980462863600952
SWE,2012,0.1211964593589325
SWE,2013,0.14313567788665055
SWE,2014,0.068658047383925
SWE,2015,0.1378796493854116
SWE,2016,0.10237437685642291
SWE,2017,0.2771521723047819
SWE,2018,0.0935739481289378
SWE,2019,0.1835389234255292
SWE,2020,0.19096547859752783
SWE,2021,0.34199999999999997
SWE,2022,0.34199999999999997
SWZ,2009,0.13752799804002122
SWZ,2010,0.21337003360991866
SWZ,2011,0.13989372182839346
SWZ,2012,0.04878145867134275
SWZ,2013,0.12946102106910332
SWZ,2014,0.04093531748633626
SWZ,2015,0.05581333475032018
SWZ,2016,0.06118102946126635
SWZ,2017,0.1814884751137848
SWZ,2018,0.05625735380498302
SWZ,2019,0.21497365424822298
SWZ,2020,0.08238711516924262
SWZ,2021,0.23771851770340802
SWZ,2022,0.049243482678711335
SXM,2009,
SXM,2010,
SXM,2011,0.35358876422376084
SXM,2012,0.10991103303677713
SXM,2013,0.33111232477698893
SXM,2014,0.23952103014062268
SXM,2015,0.13107326254641669
SXM,2016,0.2048000945415907
SXM,2017,0.3272562464279929
SXM,2018,0.27443986340893534
SXM,2019,0.3557687392778993
SXM,2020,0.1257151084078031
SXM,2021,0.16342566655320684
SXM,2022,0.07921851096180535
SYC,2009,1.0
SYC,2010,1.0
SYC,2011,0.9516575893020907
SYC,2012,1.0
SYC,2013,0.6265508340188822
SYC,2014,0.8899328339248732
SYC,2015,0.8980676946459031
SYC,2016,0.7489005680947396
SYC,2017,1.0
SYC,2018,1.0
SYC,2019,0.9462394319956016
SYC,2020,0.6489164675104316
SYC,2021,0.718779739698223
SYC,2022,0.7545501411682441
SYR,2009,
SYR,2010,
SYR,2011,
SYR,2012,
SYR,2013,
SYR,2014,
SYR,2015,
SYR,2016,
SYR,2017,
SYR,2018,
SYR,2019,
SYR,2020,
SYR,2021,
SYR,2022,
TCD,2009,
TCD,2010,
TCD,2011,
TCD,2012,
TCD,2013,
TCD,2014,
TCD,2015,
TCD,2016,
TCD,2017,
TCD,2018,
TCD,2019,
TCD,2020,
TCD,2021,
TCD,2022,
TGO,2009,0.11499697005425243
TGO,2010,0.2829370138765767
TGO,2011,1.0
TGO,2012,0.667237835936471
TGO,2013,0.22615778962852945
TGO,2014,0.4306484167588925
TGO,2015,0.702537009421647
TGO,2016,0.33302172122675816
TGO,2017,0.12643019839500252
TGO,2018,0.2382233308992537
TGO,2019,0.3704117711864379
TGO,2020,0.15270200095337505
TGO,2021,0.16168642672132133
TGO,2022,0.1754606174991108
THA,2009,0.15108852913679321
THA,2010,0.19714061705207817
THA,2011,0.11504405177092247
THA,2012,0.1996320604771966
THA,2013,0.1965008749209633
THA,2014,0.11562059280261569
THA,2015,0.13236835531588015
THA,2016,0.14466520257701235
THA,2017,0.16146328269752985
THA,2018,0.18485209741070263
THA,2019,0.12071454801301548
THA,2020,0.15393354420916272
THA,2021,0.20018770945905884
THA,2022,0.14165826093523312
TJK,2009,
TJK,2010,
TJK,2011,
TJK,2012,
TJK,2013,
TJK,2014,
TJK,2015,
TJK,2016,0.2638187575270245
TJK,2017,0.2729429817425277
TJK,2018,0.21390907281839996
TJK,2019,0.1895576116048518
TJK,2020,0.14496397584145446
TJK,2021,0.09826328397057943
TJK,2022,0.11574569406713968
TKM,2009,
TKM,2010,
TKM,2011,
TKM,2012,
TKM,2013,
TKM,2014,
TKM,2015,
TKM,2016,
TKM,2017,
TKM,2018,
TKM,2019,
TKM,2020,
TKM,2021,
TKM,2022,
TLS,2009,
TLS,2010,0.42583976054378075
TLS,2011,0.5247350610074076
TLS,2012,0.3047341459713477
TLS,2013,0.3273025582056907
TLS,2014,0.21448946774886762
TLS,2015,0.23334346151350227
TLS,2016,0.07374130474988609
TLS,2017,
TLS,2018,0.20533867052246188
TLS,2019,0.5300180798496827
TLS,2020,1.0
TLS,2021,0.45520832237611214
TLS,2022,0.14682079041395407
TON,2009,0.015466999720327827
TON,2010,0.14094254407164178
TON,2011,0.37439427815265597
TON,2012,0.11724460467104725
TON,2013,0.14232894009833447
TON,2014,0.2127196190466196
TON,2015,0.22598934251191047
TON,2016,0.2635067749363062
TON,2017,0.23542469177661893
TON,2018,0.3223818112654893
TON,2019,0.0998261616266864
TON,2020,0.06452228909052665
TON,2021,0.004073006163227061
TON,2022,0.039771773126680836
TTO,2009,
TTO,2010,
TTO,2011,0.028377626166782747
TTO,2012,0.5141729432478042
TTO,2013,0.27834915498183027
TTO,2014,0.15360815280270515
TTO,2015,0.0757963577036018
TTO,2016,0.013809886462327349
TTO,2017,0.13509682793627978
TTO,2018,0.21360398712245451
TTO,2019,0.08465655460706585
TTO,2020,0.3682980637237309
TTO,2021,0.4690405376432903
TTO,2022,0.594314091058915
TUN,2009,0.24580818233183677
TUN,2010,0.20322732428960638
TUN,2011,0.06289066044308322
TUN,2012,0.22090719766143935
TUN,2013,0.14791080726667563
TUN,2014,0.1387853792912971
TUN,2015,0.14586130023234398
TUN,2016,0.12987448245591382
TUN,2017,0.13730478143410293
TUN,2018,0.15712410154526846
TUN,2019,0.13046122280940853
TUN,2020,0.10260246594955166
TUN,2021,0.07979241773488222
TUN,2022,0.10041694284174395
TUR,2009,0.10336020847829855
TUR,2010,0.09014170446647828
TUR,2011,0.14650686770927585
TUR,2012,0.13441351763856854
TUR,2013,0.11916842222246579
TUR,2014,0.14422908753676494
TUR,2015,0.18763816216017523
TUR,2016,0.12993912750549882
TUR,2017,0.10721464472225407
TUR,2018,0.13576759674209576
TUR,2019,0.10756331137505624
TUR,2020,0.09789699385490362
TUR,2021,0.1517888605019019
TUR,2022,0.1347446351786997
TUV,2009,
TUV,2010,
TUV,2011,
TUV,2012,
TUV,2013,
TUV,2014,
TUV,2015,
TUV,2016,
TUV,2017,0.11508415548066953
TUV,2018,0.31860626740783266
TUV,2019,0.46469649183403317
TUV,2020,0.19471621514109608
TUV,2021,0.12063895106397819
TUV,2022,
TWN,2009,0.13999999999999999
TWN,2010,0.13999999999999999
TWN,2011,0.13999999999999999
TWN,2012,0.13999999999999999
TWN,2013,0.13999999999999999
TWN,2014,0.13999999999999999
TWN,2015,0.13999999999999999
TWN,2016,0.13999999999999999
TWN,2017,0.13999999999999999
TWN,2018,0.13999999999999999
TWN,2019,0.13999999999999999
TWN,2020,0.13999999999999999
TWN,2021,0.13999999999999999
TWN,2022,0.13999999999999999
TZA,2009,
TZA,2010,
TZA,2011,
TZA,2012,
TZA,2013,
TZA,2014,
TZA,2015,
TZA,2016,
TZA,2017,
TZA,2018,
TZA,2019,
TZA,2020,
TZA,2021,
TZA,2022,
UGA,2009,0.23093176772816373
UGA,2010,0.1452348603244329
UGA,2011,0.21674066214338397
UGA,2012,0.30560545193613475
UGA,2013,0.26291914438073555
UGA,2014,0.22191618913692387
UGA,2015,0.1518985133953867
UGA,2016,0.1428685572328715
UGA,2017,0.174125227057812
UGA,2018,0.21373968650323372
UGA,2019,0.2457738135214702
UGA,2020,0.21131269283117424
UGA,2021,0.271172988999232
UGA,2022,0.43209828304932857
UKR,2009,0.26786855746630134
UKR,2010,0.33723022276757325
UKR,2011,0.29129834925166803
UKR,2012,0.33426117036393277
UKR,2013,0.1728444729618463
UKR,2014,0.06966090099343711
UKR,2015,0.017283495622928143
UKR,2016,0.307140124305121
UKR,2017,0.23278807883241734
UKR,2018,0.2592995477574655
UKR,2019,0.2780033323510672
UKR,2020,0.02834928220716787
UKR,2021,0.2799944567778957
UKR,2022,0.010494506017620567
URY,2009,0.3450705828288606
URY,2010,0.37326366892467494
URY,2011,0.37996988506008317
URY,2012,1.0
URY,2013,0.3309705730990083
URY,2014,0.6421193835685081
URY,2015,0.5283583580625287
URY,2016,0.21148018917701086
URY,2017,0.7599663028499817
URY,2018,0.42669568114837503
URY,2019,0.1682970860508406
URY,2020,0.1361523560454393
URY,2021,0.8544530112328671
URY,2022,1.0
USA,2009,0.12143414946207942
USA,2010,0.13758258793906908
USA,2011,0.14575961894729986
USA,2012,0.13322236475150379
USA,2013,0.13667529021189484
USA,2014,0.12862380610601756
USA,2015,0.14493185626098556
USA,2016,0.13834050325040056
USA,2017,0.13658656843616251
USA,2018,0.08944562074262669
USA,2019,0.09601033984150961
USA,2020,0.09524130868735714
USA,2021,0.12513253570134764
USA,2022,0.11784985123940044
UZB,2009,0.12217783421905672
UZB,2010,0.19992441824719479
UZB,2011,0.1600971910584486
UZB,2012,0.06614817260332694
UZB,2013,0.05611565793090723
UZB,2014,0.05937004214266739
UZB,2015,0.07145854707803714
UZB,2016,0.11366645900627383
UZB,2017,0.16662512744945643
UZB,2018,0.06811299025589014
UZB,2019,0.22039933527622899
UZB,2020,0.16537182321993224
UZB,2021,0.18749179637244412
UZB,2022,0.18818136912235223
VCT,2009,1.0
VCT,2010,0.8953526906602576
VCT,2011,0.8041891562247548
VCT,2012,1.0
VCT,2013,1.0
VCT,2014,1.0
VCT,2015,1.0
VCT,2016,0.647298597552834
VCT,2017,1.0
VCT,2018,0.3571251505471839
VCT,2019,0.542023232857395
VCT,2020,0.5168494571604407
VCT,2021,1.0
VCT,2022,0.44895894503914496
VEN,2009,0.07303690179321691
VEN,2010,0.06924515788347813
VEN,2011,0.12870655764332659
VEN,2012,0.1486813786995612
VEN,2013,0.060912617314227854
VEN,2014,0.17597693983472168
VEN,2015,0.294983503544231
VEN,2016,0.1857491359461171
VEN,2017,0.15111708694706213
VEN,2018,0.17472802154284744
VEN,2019,0.06637982082741292
VEN,2020,0.46267369564395183
VEN,2021,0.4273306033824564
VEN,2022,0.3444430986210415
VIR,2009,
VIR,2010,
VIR,2011,
VIR,2012,
VIR,2013,
VIR,2014,
VIR,2015,
VIR,2016,
VIR,2017,
VIR,2018,
VIR,2019,
VIR,2020,
VIR,2021,
VIR,2022,
VNM,2009,0.21258211862472334
VNM,2010,0.17692294927691044
VNM,2011,0.15310591398331358
VNM,2012,0.15383698203951912
VNM,2013,0.1575961851587111
VNM,2014,0.14466939253669137
VNM,2015,0.16383323688041335
VNM,2016,0.1617970558677419
VNM,2017,0.15964182075333838
VNM,2018,0.1598224037326481
VNM,2019,0.15532251621309168
VNM,2020,0.14935986916379265
VNM,2021,0.1432038244336272
VNM,2022,0.15552466964840783
VUT,2009,0.36213332087004857
VUT,2010,0.6369221277107708
VUT,2011,0.5359470799166526
VUT,2012,0.5418018865645543
VUT,2013,0.46147298123311625
VUT,2014,0.10773104082833113
VUT,2015,0.25181867201250174
VUT,2016,0.3335975130985163
VUT,2017,0.2640098588415543
VUT,2018,0.25078484058019707
VUT,2019,0.3404043748697885
VUT,2020,0.27929991764964407
VUT,2021,0.2637375444833873
VUT,2022,0.0705225713822995
WSM,2009,0.1153207290189509
WSM,2010,
WSM,2011,0.14148962101685697
WSM,2012,0.27769275264911275
WSM,2013,0.11608156591790829
WSM,2014,0.22743104024989294
WSM,2015,0.24730417057258244
WSM,2016,0.1412688546258998
WSM,2017,0.07014443444475983
WSM,2018,0.12712366670236636
WSM,2019,0.04743185746179748
WSM,2020,0.04573810306237514
WSM,2021,0.07495399889751761
WSM,2022,0.03664406853677571
XKX,2009,0.5530293347083979
XKX,2010,0.673842267243985
XKX,2011,0.5701828710287998
XKX,2012,0.33887670585083585
XKX,2013,0.40723061904084856
XKX,2014,0.22183496855605075
XKX,2015,0.4070689021078168
XKX,2016,0.29015097277595026
XKX,2017,0.3128334879052929
XKX,2018,0.3156839903388249
XKX,2019,0.3030011640393932
XKX,2020,0.3991839121853951
XKX,2021,0.43894126008540424
XKX,2022,0.6744819221074237
YEM,2009,0.0533428236910703
YEM,2010,0.056060849642418364
YEM,2011,0.11727323383738854
YEM,2012,0.004285185015286645
YEM,2013,0.02292219769806758
YEM,2014,0.037736090099019765
YEM,2015,0.003121537223476184
YEM,2016,0.11958833775594059
YEM,2017,0.06841235118550881
YEM,2018,0.0881551036780111
YEM,2019,
YEM,2020,
YEM,2021,
YEM,2022,
ZAF,2009,0.11019669189667992
ZAF,2010,0.0744710065502942
ZAF,2011,0.07473719841580777
ZAF,2012,0.09064497840757704
ZAF,2013,0.12959893671930126
ZAF,2014,0.126743839912733
ZAF,2015,0.09658765564148697
ZAF,2016,0.09744675799969438
ZAF,2017,0.10585100506141717
ZAF,2018,0.10335925932274206
ZAF,2019,0.09841664252685903
ZAF,2020,0.08611713902964727
ZAF,2021,0.250103321730365
ZAF,2022,0.11298595715708484
ZMB,2009,0.41942260981955426
ZMB,2010,0.9292283960053465
ZMB,2011,0.3154086197610558
ZMB,2012,0.636105879039051
ZMB,2013,0.5966512272215656
ZMB,2014,0.610097354332656
ZMB,2015,0.5409089540466385
ZMB,2016,0.2670474847689756
ZMB,2017,0.30393080657748905
ZMB,2018,0.11497156086788916
ZMB,2019,0.35585658742298076
ZMB,2020,0.1136649177130403
ZMB,2021,0.20344153742365353
ZMB,2022,0.07266571598450336
ZWE,2009,
ZWE,2010,0.0917939956515626
ZWE,2011,0.1828620029768233
ZWE,2012,0.15528367448243643
ZWE,2013,0.13962802507754932
ZWE,2014,0.1862038912101715
ZWE,2015,0.14058803649881718
ZWE,2016,0.12160424573853619
ZWE,2017,0.04024929910618337
ZWE,2018,0.08262899339787154
ZWE,2019,0.052153232284010205
ZWE,2020,0.032095675237942274
ZWE,2021,0.0387491482510342
ZWE,2022,0.06461962798003712
