country,year,urbanization
ABW,2009,0.643229852842726
ABW,2010,0.641612965549477
ABW,2011,0.639992605838571
ABW,2012,0.638252085199599
ABW,2013,0.636382914355326
ABW,2014,0.634392531303795
ABW,2015,0.632288374043053
ABW,2016,0.630077880571142
ABW,2017,0.627768488886109
ABW,2018,0.625367636985996
ABW,2019,0.62288276286885
ABW,2020,0.620028837566365
ABW,2021,0.619275339886843
ABW,2022,0.618811657924257
AFG,2009,0.21688547510905298
AFG,2010,0.222614799010924
AFG,2011,0.228205691572485
AFG,2012,0.23343439131097898
AFG,2013,0.238077136743646
AFG,2014,0.241910166387726
AFG,2015,0.24464911842156797
AFG,2016,0.246588345720126
AFG,2017,0.248352821238871
AFG,2018,0.249991645191406
AFG,2019,0.251437258839803
AFG,2020,0.252622103446137
AFG,2021,0.253478620272481
AFG,2022,0.253939250580909
AGO,2009,0.593775316348744
AGO,2010,0.601310289535053
AGO,2011,0.6084316103960731
AGO,2012,0.615114223949332
AGO,2013,0.621333075212361
AGO,2014,0.62723115793241
AGO,2015,0.6351567832685
AGO,2016,0.642992302517989
AGO,2017,0.6508505250860679
AGO,2018,0.658732136723372
AGO,2019,0.6666378231805329
AGO,2020,0.6745682702081869
AGO,2021,0.682524163556969
AGO,2022,0.690506188977513
ALB,2009,0.506132439427449
ALB,2010,0.518815774292716
ALB,2011,0.532917382892465
ALB,2012,0.538637553661449
ALB,2013,0.5429796780585481
ALB,2014,0.547325813178673
ALB,2015,0.5515792913748939
ALB,2016,0.555738734464276
ALB,2017,0.5598027642654599
ALB,2018,0.56377000259892
ALB,2019,0.567639071287255
ALB,2020,0.571408592155544
ALB,2021,0.575077187031778
ALB,2022,0.578643477747383
AND,2009,0.8884433315185
AND,2010,0.8876047260566089
AND,2011,0.8868883403197629
AND,2012,0.886290967082924
AND,2013,0.8858093991210529
AND,2014,0.8854404292091099
AND,2015,0.885180850122057
AND,2016,0.885027454634853
AND,2017,0.884977035522461
AND,2018,0.885080998493791
AND,2019,0.885391793666245
AND,2020,0.8859077804275169
AND,2021,0.8866273181652989
AND,2022,0.8875487662672861
ARE,2009,0.831701992996163
ARE,2010,0.833714299144178
ARE,2011,0.8356950077953471
ARE,2012,0.837643244751488
ARE,2013,0.839558135814626
ARE,2014,0.8414388067870191
ARE,2015,0.843284383471193
ARE,2016,0.8450939916699841
ARE,2017,0.84686675718659
ARE,2018,0.8486018058246251
ARE,2019,0.850298263388195
ARE,2020,0.851955255681984
ARE,2021,0.853571908511355
ARE,2022,0.855147347682487
ARG,2009,0.9082090232332649
ARG,2010,0.9099300519409771
ARG,2011,0.9110722867384059
ARG,2012,0.912041217246797
ARG,2013,0.913014507719473
ARG,2014,0.9139753454729539
ARG,2015,0.914923019108628
ARG,2016,0.915856817228217
ARG,2017,0.916776028433824
ARG,2018,0.917679941327998
ARG,2019,0.9185678445138019
ARG,2020,0.919439026594897
ARG,2021,0.920292776175651
ARG,2022,0.92112838186126
ARM,2009,0.6435195303885161
ARM,2010,0.643304164043132
ARM,2011,0.6432074491451939
ARM,2012,0.643268379506998
ARM,2013,0.643584061131466
ARM,2014,0.6441429342332909
ARM,2015,0.644929623431549
ARM,2016,0.645928753345316
ARM,2017,0.647124948593667
ARM,2018,0.648502833795679
ARM,2019,0.650047033570428
ARM,2020,0.65174217253699
ARM,2021,0.653572875314441
ARM,2022,0.655624462874485
ATG,2009,0.264808350768849
ATG,2010,0.260170447850587
ATG,2011,0.25694689859722003
ATG,2012,0.25455561858826703
ATG,2013,0.252475667667937
ATG,2014,0.25089972610774103
ATG,2015,0.25
ATG,2016,0.249239807471655
ATG,2017,0.24850026383687102
ATG,2018,0.247781432093764
ATG,2019,0.24708337524045
ATG,2020,0.246406156275043
ATG,2021,0.24574983819566001
ATG,2022,0.245114484000414
AUS,2009,0.861278139101818
AUS,2010,0.8621986005121429
AUS,2011,0.863268946146423
AUS,2012,0.8644512591366249
AUS,2013,0.865740515760243
AUS,2014,0.867221289343356
AUS,2015,0.868778642539361
AUS,2016,0.8701662952492351
AUS,2017,0.8712809266445
AUS,2018,0.8722676808459251
AUS,2019,0.873019647888406
AUS,2020,0.872713470458985
AUS,2021,0.872353407632761
AUS,2022,0.8733432682538129
AUT,2009,0.670705895694924
AUT,2010,0.6710474292547469
AUT,2011,0.6714842554150561
AUT,2012,0.672085909812279
AUT,2013,0.672981308784247
AUT,2014,0.6741543275917811
AUT,2015,0.6755761755373829
AUT,2016,0.677218061923556
AUT,2017,0.6790511960528021
AUT,2018,0.681046787227623
AUT,2019,0.6831760447505221
AUT,2020,0.6854101779240009
AUT,2021,0.68773601700253
AUT,2022,0.68998085127906
AZE,2009,0.531358125434574
AZE,2010,0.532848367714869
AZE,2011,0.535085461893249
AZE,2012,0.538076442276208
AZE,2013,0.541821087431318
AZE,2014,0.546319175926151
AZE,2015,0.551570486328276
AZE,2016,0.5575747972052659
AZE,2017,0.564331887124691
AZE,2018,0.571841534654123
AZE,2019,0.581308191977779
AZE,2020,0.582934691761937
AZE,2021,0.583659969744818
AZE,2022,0.584382815854684
BDI,2009,0.10497990043448199
BDI,2010,0.109843097335487
BDI,2011,0.115616652230006
BDI,2012,0.122244596804615
BDI,2013,0.129670962745892
BDI,2014,0.137839781740413
BDI,2015,0.14669508547475402
BDI,2016,0.156180905635494
BDI,2017,0.166241273909209
BDI,2018,0.176820221982475
BDI,2019,0.18786178154187
BDI,2020,0.199309984273971
BDI,2021,0.211108861865354
BDI,2022,0.22320244600259698
BEL,2009,0.8470258010850139
BEL,2010,0.849719309583717
BEL,2011,0.852349607044689
BEL,2012,0.854915403816388
BEL,2013,0.857415410247275
BEL,2014,0.8598483366858071
BEL,2015,0.8622128934804439
BEL,2016,0.864507790979645
BEL,2017,0.866731739531869
BEL,2018,0.868883449485575
BEL,2019,0.8709616311892221
BEL,2020,0.872964994991269
BEL,2021,0.874305564090635
BEL,2022,0.87489200269855
BEN,2009,0.42338538285999
BEN,2010,0.428916891239353
BEN,2011,0.434616136137276
BEN,2012,0.440475065829838
BEN,2013,0.446502883669319
BEN,2014,0.452880529235999
BEN,2015,0.459407403257663
BEN,2016,0.46609455900666397
BEN,2017,0.472942774880391
BEN,2018,0.479952829275963
BEN,2019,0.487125500590248
BEN,2020,0.49446156721989604
BEN,2021,0.501961807561354
BEN,2022,0.509627000010887
BFA,2009,0.23745232560111598
BFA,2010,0.24115092498158
BFA,2011,0.244682976845657
BFA,2012,0.248001912059054
BFA,2013,0.25106116148748003
BFA,2014,0.25381415599664303
BFA,2015,0.25621432645225
BFA,2016,0.25821510372001
BFA,2017,0.259769918665632
BFA,2018,0.260832202154822
BFA,2019,0.261187254401157
BFA,2020,0.263578373628627
BFA,2021,0.26811430774301703
BFA,2022,0.272791369742712
BGD,2009,0.27311124905741196
BGD,2010,0.277254372588696
BGD,2011,0.281100162712427
BGD,2012,0.28478797289457597
BGD,2013,0.288407036106763
BGD,2014,0.291944442321013
BGD,2015,0.295395099477892
BGD,2016,0.298753915517965
BGD,2017,0.302015798381799
BGD,2018,0.305175656009959
BGD,2019,0.308228396343012
BGD,2020,0.311168927321524
BGD,2021,0.31399215688606097
BGD,2022,0.31673734726234
BGR,2009,0.7130173492431641
BGR,2010,0.715149307250977
BGR,2011,0.7261016538855319
BGR,2012,0.7276848602294921
BGR,2013,0.729632821572019
BGR,2014,0.7308448791503911
BGR,2015,0.7310305786132809
BGR,2016,0.731750030517578
BGR,2017,0.733904571533203
BGR,2018,0.7360021209716799
BGR,2019,0.7371623229980471
BGR,2020,0.7332398986816411
BGR,2021,0.7334676561804101
BGR,2022,0.7347991640052239
BHR,2009,0.983277849907243
BHR,2010,1.0
BHR,2011,1.0
BHR,2012,1.0
BHR,2013,1.0
BHR,2014,1.0
BHR,2015,1.0
BHR,2016,1.0
BHR,2017,1.0
BHR,2018,1.0
BHR,2019,1.0
BHR,2020,1.0
BHR,2021,1.0
BHR,2022,1.0
BHS,2009,0.823977602095684
BHS,2010,0.824198104431593
BHS,2011,0.8241303474703081
BHS,2012,0.823947485339925
BHS,2013,0.823635791100868
BHS,2014,0.823180931037043
BHS,2015,0.8225685714323611
BHS,2016,0.821784378570728
BHS,2017,0.820814018736052
BHS,2018,0.8196431582122411
BHS,2019,0.818257463283204
BHS,2020,0.816642600232849
BHS,2021,0.8147842353450829
BHS,2022,0.813200717047725
BIH,2009,0.454246010387901
BIH,2010,0.45739215333260397
BIH,2011,0.460528777644843
BIH,2012,0.46365565597200004
BIH,2013,0.466954224739896
BIH,2014,0.47130783484831
BIH,2015,0.475711645087011
BIH,2016,0.48024884575238197
BIH,2017,0.48491840181910595
BIH,2018,0.48971927825823997
BIH,2019,0.49465044003775804
BIH,2020,0.499710852122997
BIH,2021,0.504899479477034
BIH,2022,0.5102152870609931
BLR,2009,0.741909646620571
BLR,2010,0.7455014038085941
BLR,2011,0.7505975341796881
BLR,2012,0.755281066894531
BLR,2013,0.7594970703125
BLR,2014,0.763405227661133
BLR,2015,0.766263885498047
BLR,2016,0.768458709716797
BLR,2017,0.770208206176758
BLR,2018,0.772132720947266
BLR,2019,0.774550771852757
BLR,2020,0.777890385790408
BLR,2021,0.78131086803694
BLR,2022,0.784732787892908
BLZ,2009,0.454589714924251
BLZ,2010,0.45191483819355804
BLZ,2011,0.449417819131729
BLZ,2012,0.446903068035216
BLZ,2013,0.444380542363795
BLZ,2014,0.441850161758379
BLZ,2015,0.43931184585988
BLZ,2016,0.436765514309211
BLZ,2017,0.434211086747287
BLZ,2018,0.43164848281502005
BLZ,2019,0.42907762215332296
BLZ,2020,0.42649842440311
BLZ,2021,0.42391080920529395
BLZ,2022,0.42137325126213704
BMU,2009,1.0
BMU,2010,1.0
BMU,2011,1.0
BMU,2012,1.0
BMU,2013,1.0
BMU,2014,1.0
BMU,2015,1.0
BMU,2016,1.0
BMU,2017,1.0
BMU,2018,1.0
BMU,2019,1.0
BMU,2020,1.0
BMU,2021,1.0
BMU,2022,1.0
BOL,2009,0.659781896386949
BOL,2010,0.664075665659133
BOL,2011,0.6683371563317599
BOL,2012,0.6725814448276989
BOL,2013,0.676697055519889
BOL,2014,0.68037425413
BOL,2015,0.683958051297665
BOL,2016,0.6874463278769469
BOL,2017,0.6908380162747361
BOL,2018,0.6941338798139989
BOL,2019,0.697334986708387
BOL,2020,0.700442635528254
BOL,2021,0.703450412826165
BOL,2022,0.706352598708131
BRA,2009,0.840698380333651
BRA,2010,0.8434384603630799
BRA,2011,0.846225758599683
BRA,2012,0.848973874181312
BRA,2013,0.851676585442726
BRA,2014,0.854331367898168
BRA,2015,0.856935697061881
BRA,2016,0.8594870484481081
BRA,2017,0.8619828975710909
BRA,2018,0.864420719945072
BRA,2019,0.866797991084296
BRA,2020,0.869112186503004
BRA,2021,0.871360781715439
BRA,2022,0.87349556243881
BRB,2009,0.592944920242948
BRB,2010,0.592366008990356
BRB,2011,0.59236693205614
BRB,2012,0.5923721510629241
BRB,2013,0.592385370835674
BRB,2014,0.592410313429534
BRB,2015,0.592450700899645
BRB,2016,0.592510255301153
BRB,2017,0.5925926986892001
BRB,2018,0.59270175311893
BRB,2019,0.592841140645486
BRB,2020,0.593014583324011
BRB,2021,0.593220365433819
BRB,2022,0.593538514107686
BRN,2009,0.7507129708725471
BRN,2010,0.752506559029998
BRN,2011,0.7531212550477799
BRN,2012,0.752714233503027
BRN,2013,0.751756915148608
BRN,2014,0.750572639801502
BRN,2015,0.749484620568562
BRN,2016,0.748816070556641
BRN,2017,0.748476440654983
BRN,2018,0.7481724717143049
BRN,2019,0.7479233117836731
BRN,2020,0.7477481089121509
BRN,2021,0.747667316936175
BRN,2022,0.747772642014221
BTN,2009,0.333396804958817
BTN,2010,0.339051967813552
BTN,2011,0.344637606688377
BTN,2012,0.350188644248365
BTN,2013,0.35574000315858906
BTN,2014,0.36132660608412204
BTN,2015,0.366983375690037
BTN,2016,0.372745234641407
BTN,2017,0.378645544995016
BTN,2018,0.38466189277697505
BTN,2019,0.390746823405146
BTN,2020,0.396888839873439
BTN,2021,0.403075199874379
BTN,2022,0.409365143617581
BWA,2009,0.627501882968523
BWA,2010,0.634945974665277
BWA,2011,0.640187810722889
BWA,2012,0.643993247826904
BWA,2013,0.6475797354583931
BWA,2014,0.650965122400825
BWA,2015,0.654103584313295
BWA,2016,0.656949296854899
BWA,2017,0.659456435684731
BWA,2018,0.661579176461888
BWA,2019,0.663271694845464
BWA,2020,0.664488166494554
BWA,2021,0.6651827670682551
BWA,2022,0.665889787170477
CAF,2009,0.38476675697093
CAF,2010,0.386244963104203
CAF,2011,0.38803066946500697
CAF,2012,0.39030169603851694
CAF,2013,0.393042963482777
CAF,2014,0.396226521868738
CAF,2015,0.399824421267351
CAF,2016,0.403808711749566
CAF,2017,0.408151443386334
CAF,2018,0.412824666248606
CAF,2019,0.41780043040733195
CAF,2020,0.423050785933463
CAF,2021,0.428547782897949
CAF,2022,0.432751967457285
CAN,2009,0.8085918388939209
CAN,2010,0.810120892252937
CAN,2011,0.811031425434213
CAN,2012,0.8115134832487909
CAN,2013,0.81183439957458
CAN,2014,0.8121118316155599
CAN,2015,0.812465670276699
CAN,2016,0.813023011093703
CAN,2017,0.814018945832226
CAN,2018,0.8155003416466531
CAN,2019,0.817363672047941
CAN,2020,0.819509888710566
CAN,2021,0.821779279079275
CAN,2022,0.823500897353968
CHE,2009,0.735741230920283
CHE,2010,0.736086716419323
CHE,2011,0.7365058748615
CHE,2012,0.7375226295836219
CHE,2013,0.741121384785551
CHE,2014,0.747402679059582
CHE,2015,0.7560449601431689
CHE,2016,0.766726675773771
CHE,2017,0.779126273688843
CHE,2018,0.792922201625844
CHE,2019,0.8077929073222291
CHE,2020,0.823416838515457
CHE,2021,0.842006477608879
CHE,2022,0.849206266284521
CHL,2009,0.869124897308683
CHL,2010,0.869560135592209
CHL,2011,0.870109164653326
CHL,2012,0.8708249437356961
CHL,2013,0.871827777654221
CHL,2014,0.8731337014979781
CHL,2015,0.874653320342387
CHL,2016,0.876306290578181
CHL,2017,0.878000295757281
CHL,2018,0.8796204937530079
CHL,2019,0.8812736856235379
CHL,2020,0.882953490438375
CHL,2021,0.8846605116644519
CHL,2022,0.886395352768685
CIV,2009,0.467979596502274
CIV,2010,0.47237430152320103
CIV,2011,0.476797551269623
CIV,2012,0.481242507553354
CIV,2013,0.485702332186208
CIV,2014,0.49017314455736805
CIV,2015,0.494694894689553
CIV,2016,0.49929991034032
CIV,2017,0.503977309654344
CIV,2018,0.508718477756395
CIV,2019,0.513514799771241
CIV,2020,0.518357660823651
CIV,2021,0.523183461956059
CIV,2022,0.528492549676673
CMR,2009,0.504714131335678
CMR,2010,0.508505075371362
CMR,2011,0.512229843034125
CMR,2012,0.515887119982861
CMR,2013,0.5194755918770241
CMR,2014,0.522993944376709
CMR,2015,0.526440863142742
CMR,2016,0.529815033836792
CMR,2017,0.533115142121504
CMR,2018,0.5363398736606529
CMR,2019,0.5394879141193311
CMR,2020,0.542557949164174
CMR,2021,0.5455486644636349
CMR,2022,0.548458745688318
COD,2009,0.38996267049604905
COD,2010,0.39391363708294
COD,2011,0.39784969282585897
COD,2012,0.40177038557915096
COD,2013,0.405675263197158
COD,2014,0.409563873534225
COD,2015,0.413435764444694
COD,2016,0.41729048378291095
COD,2017,0.421127579403217
COD,2018,0.42494659915995797
COD,2019,0.428747090907476
COD,2020,0.432528602500115
COD,2021,0.43629068179221797
COD,2022,0.44003287663812996
COG,2009,0.622172294650265
COG,2010,0.623922871058739
COG,2011,0.625597508130231
COG,2012,0.627187169094345
COG,2013,0.628682817180686
COG,2014,0.630075415618859
COG,2015,0.63135592763847
COG,2016,0.632515316469123
COG,2017,0.6335445453404229
COG,2018,0.6344345774819751
COG,2019,0.635176376123385
COG,2020,0.635760904494257
COG,2021,0.636179125824196
COG,2022,0.636422003342807
COL,2009,0.7659641458367921
COL,2010,0.767232975672119
COL,2011,0.76839003613206
COL,2012,0.76942211203265
COL,2013,0.770315988189922
COL,2014,0.771058449419909
COL,2015,0.771636280538646
COL,2016,0.7720362663621659
COL,2017,0.772245191706503
COL,2018,0.772804816598084
COL,2019,0.774595528518377
COL,2020,0.776382533537045
COL,2021,0.778339570326128
COL,2022,0.7804646331373349
COM,2009,0.286217975367563
COM,2010,0.28854098291380104
COM,2011,0.291136750253686
COM,2012,0.29397950693899
COM,2013,0.297043482521482
COM,2014,0.300302906552932
COM,2015,0.303732008585112
COM,2016,0.307305018169792
COM,2017,0.310996559689293
COM,2018,0.314073645195839
COM,2019,0.31728758406824303
COM,2020,0.320638072194881
COM,2021,0.324124444313246
COM,2022,0.32774603552874804
CPV,2009,0.60906420177019
CPV,2010,0.617974262732302
CPV,2011,0.627419929036884
CPV,2012,0.637260454520996
CPV,2013,0.6474862075218261
CPV,2014,0.658085112712742
CPV,2015,0.6690450947671159
CPV,2016,0.6803540783583161
CPV,2017,0.691999988159713
CPV,2018,0.703970748844677
CPV,2019,0.7162542850865771
CPV,2020,0.728838521558784
CPV,2021,0.7416079308928271
CPV,2022,0.7503373806084901
CRI,2009,0.7013984694562281
CRI,2010,0.7150814489749151
CRI,2011,0.728426586679914
CRI,2012,0.7338950206682171
CRI,2013,0.739431776192863
CRI,2014,0.744866963181212
CRI,2015,0.750198195767549
CRI,2016,0.755423088085047
CRI,2017,0.760539254265608
CRI,2018,0.765544308439668
CRI,2019,0.770435864735963
CRI,2020,0.7752115372812569
CRI,2021,0.7798689402000091
CRI,2022,0.784405687613972
CUB,2009,0.7649302518711331
CUB,2010,0.766099132468685
CUB,2011,0.76707663902788
CUB,2012,0.7677769200668441
CUB,2013,0.7681640625
CUB,2014,0.768442459106445
CUB,2015,0.768702850341797
CUB,2016,0.769115829467773
CUB,2017,0.769603271484375
CUB,2018,0.770156326293945
CUB,2019,0.7707282257080079
CUB,2020,0.771080322265625
CUB,2021,0.770987701416016
CUB,2022,0.7710560607910161
CUW,2009,0.9123542567319051
CUW,2010,0.9124913032783969
CUW,2011,0.912639416184104
CUW,2012,0.912791300612311
CUW,2013,0.912938785868797
CUW,2014,0.9130820308109481
CUW,2015,0.9132204716497551
CUW,2016,0.913353544596205
CUW,2017,0.9134806858612871
CUW,2018,0.913601331655991
CUW,2019,0.913714918191305
CUW,2020,0.9138208816782181
CUW,2021,0.91391865832772
CUW,2022,0.9140076843507989
CYM,2009,1.0
CYM,2010,1.0
CYM,2011,1.0
CYM,2012,1.0
CYM,2013,1.0
CYM,2014,1.0
CYM,2015,1.0
CYM,2016,1.0
CYM,2017,1.0
CYM,2018,1.0
CYM,2019,1.0
CYM,2020,1.0
CYM,2021,1.0
CYM,2022,1.0
CYP,2009,0.676836053786548
CYP,2010,0.675229111556342
CYP,2011,0.673979892758544
CYP,2012,0.673010289148738
CYP,2013,0.672102333625375
CYP,2014,0.6712305588198041
CYP,2015,0.6704024779180731
CYP,2016,0.669625604106231
CYP,2017,0.6689074505703261
CYP,2018,0.6682555304964051
CYP,2019,0.667677357070518
CYP,2020,0.667180443478713
CYP,2021,0.666718365394971
CYP,2022,0.666694829407584
CZE,2009,0.7340848903021591
CZE,2010,0.733495599222723
CZE,2011,0.732878338394746
CZE,2012,0.732249239592898
CZE,2013,0.731622186934979
CZE,2014,0.7309959210414689
CZE,2015,0.730370442874355
CZE,2016,0.7297457533956231
CZE,2017,0.729121853567256
CZE,2018,0.728498744351241
CZE,2019,0.727876426709563
CZE,2020,0.727254901604208
CZE,2021,0.7268105943743159
CZE,2022,0.726967638379524
DEU,2009,0.802745192417062
DEU,2010,0.80305702559949
DEU,2011,0.8034057629281981
DEU,2012,0.8039344752021801
DEU,2013,0.8047323184003621
DEU,2014,0.8057574023742999
DEU,2015,0.806974371632814
DEU,2016,0.8083478706847249
DEU,2017,0.809842544038853
DEU,2018,0.811423036204018
DEU,2019,0.813053991689039
DEU,2020,0.814700055002738
DEU,2021,0.8163258706539339
DEU,2022,0.817867852780995
DJI,2009,0.706383251554484
DJI,2010,0.7064865547829029
DJI,2011,0.706776532458676
DJI,2012,0.707266311335377
DJI,2013,0.7079693312874841
DJI,2014,0.7088990321894779
DJI,2015,0.710068853915837
DJI,2016,0.7114922363410411
DJI,2017,0.7131826193395701
DJI,2018,0.7151534427859021
DJI,2019,0.7174181465545181
DJI,2020,0.719990170519895
DJI,2021,0.722882954556515
DJI,2022,0.7261099385388561
DMA,2009,0.676071900939817
DMA,2010,0.679983269911984
DMA,2011,0.6839781656027271
DMA,2012,0.68754609337094
DMA,2013,0.69119704197722
DMA,2014,0.694907847110252
DMA,2015,0.698679153463528
DMA,2016,0.702511605730541
DMA,2017,0.706405848604787
DMA,2018,0.710362526779762
DMA,2019,0.714382284948964
DMA,2020,0.71846576780589
DMA,2021,0.7226136200440421
DMA,2022,0.72682648635692
DNK,2009,0.867617653139929
DNK,2010,0.868652420043945
DNK,2011,0.871567653955846
DNK,2012,0.8723361968994141
DNK,2013,0.8754365247604321
DNK,2014,0.876823985731907
DNK,2015,0.877254056577329
DNK,2016,0.876999969482422
DNK,2017,0.8801619437995091
DNK,2018,0.8810597623106889
DNK,2019,0.882096490810669
DNK,2020,0.882394485473632
DNK,2021,0.882616449318149
DNK,2022,0.8838802398377029
DOM,2009,0.735894974865426
DOM,2010,0.741642773174177
DOM,2011,0.7424403895013011
DOM,2012,0.742398679969568
DOM,2013,0.742251359951216
DOM,2014,0.741931533822153
DOM,2015,0.741372305958285
DOM,2016,0.740506780735522
DOM,2017,0.7392680625297701
DOM,2018,0.7375892557169379
DOM,2019,0.735403464672933
DOM,2020,0.732643793773663
DOM,2021,0.7292433473950349
DOM,2022,0.724203155643711
DZA,2009,0.665097384559521
DZA,2010,0.671235057867459
DZA,2011,0.677344007507578
DZA,2012,0.683421258553675
DZA,2013,0.689463836079277
DZA,2014,0.695468765157615
DZA,2015,0.701433070861612
DZA,2016,0.707353778263851
DZA,2017,0.713227912436551
DZA,2018,0.71905249845153
DZA,2019,0.7248245613801749
DZA,2020,0.730541126293395
DZA,2021,0.736199218261573
DZA,2022,0.741795862354514
ECU,2009,0.626588021150118
ECU,2010,0.627405258611644
ECU,2011,0.627949053547691
ECU,2012,0.628408732819135
ECU,2013,0.6288372866241221
ECU,2014,0.629232432195799
ECU,2015,0.62959188676731
ECU,2016,0.6299133675718039
ECU,2017,0.630194591842425
ECU,2018,0.630433276812321
ECU,2019,0.630627139714638
ECU,2020,0.630773897782521
ECU,2021,0.630871268249117
ECU,2022,0.630901835932266
EGY,2009,0.429383470624904
EGY,2010,0.42905717552015404
EGY,2011,0.42863416847017705
EGY,2012,0.42811851413852503
EGY,2013,0.427514277188751
EGY,2014,0.42682552228440795
EGY,2015,0.426056314089048
EGY,2016,0.425210717266225
EGY,2017,0.42448600868717895
EGY,2018,0.424577177449969
EGY,2019,0.424812027332648
EGY,2020,0.425181534630674
EGY,2021,0.425686062621468
EGY,2022,0.426325129008032
ERI,2009,0.35574203491210904
ERI,2010,0.35634654998779297
ERI,2011,0.356706275939941
ERI,2012,0.35682426452636695
ERI,2013,0.356713333129883
ERI,2014,0.35639720916747997
ERI,2015,0.35591007232666
ERI,2016,0.355254287719727
ERI,2017,0.354427146911621
ERI,2018,0.353451042175293
ERI,2019,0.352352333068848
ERI,2020,0.35116138458252005
ERI,2021,0.34987113952636695
ERI,2022,0.348469276428223
ESP,2009,0.782919921861701
ESP,2010,0.7851381562348879
ESP,2011,0.7869539795649501
ESP,2012,0.7884556803016181
ESP,2013,0.789858086902112
ESP,2014,0.791196713833488
ESP,2015,0.792454892743023
ESP,2016,0.7936159552779969
ESP,2017,0.7946632330856831
ESP,2018,0.795580057813361
ESP,2019,0.796349761108307
ESP,2020,0.796955674617799
ESP,2021,0.797846242983598
ESP,2022,0.799548794567814
EST,2009,0.677348909034398
EST,2010,0.678048042926262
EST,2011,0.6787755563345059
EST,2012,0.679629593320316
EST,2013,0.680923458296768
EST,2014,0.682668382808032
EST,2015,0.684796609690553
EST,2016,0.6872403817807801
EST,2017,0.6899319419151579
EST,2018,0.6928035329301331
EST,2019,0.695787397662154
EST,2020,0.6988157789476649
EST,2021,0.701777274135822
EST,2022,0.704892333736738
ETH,2009,0.17151100158691399
ETH,2010,0.174937839508057
ETH,2011,0.17863790512085
ETH,2012,0.182061367034912
ETH,2013,0.18615514755249
ETH,2014,0.190262870788574
ETH,2015,0.19451566696167
ETH,2016,0.19876361846923798
ETH,2017,0.203084850311279
ETH,2018,0.207838096618652
ETH,2019,0.212486705780029
ETH,2020,0.21626005172729498
ETH,2021,0.221067085266113
ETH,2022,0.227367687225342
FIN,2009,0.6954625996694701
FIN,2010,0.6978557987969469
FIN,2011,0.7005832618742519
FIN,2012,0.7036613631687121
FIN,2013,0.706742118159277
FIN,2014,0.709879168940753
FIN,2015,0.7130549300406039
FIN,2016,0.716158383428171
FIN,2017,0.719563038312956
FIN,2018,0.7234234677403429
FIN,2019,0.7274312143583139
FIN,2020,0.730849439791673
FIN,2021,0.7337102157803289
FIN,2022,0.736967597835949
FJI,2009,0.5156280131695791
FJI,2010,0.520415147785104
FJI,2011,0.525335449475105
FJI,2012,0.530383211294771
FJI,2013,0.535552726299291
FJI,2014,0.540838287543856
FJI,2015,0.546234188083653
FJI,2016,0.551734720973874
FJI,2017,0.557408343449609
FJI,2018,0.562328347385698
FJI,2019,0.5670989552257
FJI,2020,0.57186684691874
FJI,2021,0.5766183647619281
FJI,2022,0.581352701465266
FRA,2009,0.771005391809676
FRA,2010,0.770962844808803
FRA,2011,0.7711827173875091
FRA,2012,0.771669464919916
FRA,2013,0.772440721470918
FRA,2014,0.773524296788613
FRA,2015,0.777610919150066
FRA,2016,0.785999114705779
FRA,2017,0.786467804026368
FRA,2018,0.786714432536599
FRA,2019,0.786890784549356
FRA,2020,0.7871191317652491
FRA,2021,0.787364603392338
FRA,2022,0.787591921123356
FRO,2009,0.36888809204101597
FRO,2010,0.37253692626953094
FRO,2011,0.37297595977783204
FRO,2012,0.373244972229004
FRO,2013,0.37741481781005903
FRO,2014,0.37909389495849605
FRO,2015,0.38143150329589803
FRO,2016,0.38320022583007796
FRO,2017,0.383324699401855
FRO,2018,0.384058837890625
FRO,2019,0.383945655822754
FRO,2020,0.386689987182617
FRO,2021,0.38808376312255904
FRO,2022,0.389959824546757
FSM,2009,0.22299538501660598
FSM,2010,0.22290352987513798
FSM,2011,0.222914664135472
FSM,2012,0.222942568788425
FSM,2013,0.22298632396114598
FSM,2014,0.223046193122479
FSM,2015,0.22312233609941098
FSM,2016,0.223214896137555
FSM,2017,0.22332401189542
FSM,2018,0.223449820355433
FSM,2019,0.22359245777081
FSM,2020,0.223752060036598
FSM,2021,0.223928762855411
FSM,2022,0.224122701819053
GAB,2009,0.857432582123932
GAB,2010,0.861852592472945
GAB,2011,0.8656653836503151
GAB,2012,0.868838635787001
GAB,2013,0.871482480671637
GAB,2014,0.8762360179629689
GAB,2015,0.88085308383892
GAB,2016,0.885445883406178
GAB,2017,0.890009733256896
GAB,2018,0.894539949981866
GAB,2019,0.899031850170394
GAB,2020,0.903480750410147
GAB,2021,0.907881967286967
GAB,2022,0.912243355459988
GBR,2009,0.808692180088478
GBR,2010,0.8099516511627699
GBR,2011,0.811359685592627
GBR,2012,0.8129056677595079
GBR,2013,0.814573768694887
GBR,2014,0.816355750750722
GBR,2015,0.818243772295647
GBR,2016,0.820229991698295
GBR,2017,0.8223065673273
GBR,2018,0.824465657551295
GBR,2019,0.8266994207389131
GBR,2020,0.8290000152587891
GBR,2021,0.829886431523641
GBR,2022,0.830753982997505
GEO,2009,0.547033821122222
GEO,2010,0.551969344748228
GEO,2011,0.556899257648533
GEO,2012,0.561683526759979
GEO,2013,0.566182119019407
GEO,2014,0.570237612994258
GEO,2015,0.573803800455672
GEO,2016,0.576984032005062
GEO,2017,0.579996827205757
GEO,2018,0.583038181862576
GEO,2019,0.586304091780343
GEO,2020,0.589990552763878
GEO,2021,0.594293560618005
GEO,2022,0.6001016226791149
GHA,2009,0.501111250897099
GHA,2010,0.507296926788704
GHA,2011,0.513304086646488
GHA,2012,0.519197918381031
GHA,2013,0.524985794475913
GHA,2014,0.5306633987971481
GHA,2015,0.536226415210752
GHA,2016,0.5416705275827399
GHA,2017,0.546991419779128
GHA,2018,0.55218477566593
GHA,2019,0.557246279109161
GHA,2020,0.562171613974837
GHA,2021,0.566952556826536
GHA,2022,0.57250609602871
GIN,2009,0.335352385165154
GIN,2010,0.338075426880206
GIN,2011,0.340732054685603
GIN,2012,0.343313936933767
GIN,2013,0.345812741977122
GIN,2014,0.348177920826682
GIN,2015,0.350373191833496
GIN,2016,0.353100280761719
GIN,2017,0.355827331542969
GIN,2018,0.35855438232421905
GIN,2019,0.361281547546387
GIN,2020,0.364802208060551
GIN,2021,0.368502178436256
GIN,2022,0.372384967469106
GMB,2009,0.5533792863452089
GMB,2010,0.560110896605662
GMB,2011,0.566696692994225
GMB,2012,0.573207304207091
GMB,2013,0.57970305611505
GMB,2014,0.586141799655551
GMB,2015,0.592458499408388
GMB,2016,0.5986524724865631
GMB,2017,0.60471712657237
GMB,2018,0.6106458693481069
GMB,2019,0.61643210849607
GMB,2020,0.622069251698555
GMB,2021,0.6275507066378591
GMB,2022,0.632869880996278
GNB,2009,0.396716434222135
GNB,2010,0.40009559631347696
GNB,2011,0.404391136169434
GNB,2012,0.40868602752685496
GNB,2013,0.41297637939453097
GNB,2014,0.417271995544434
GNB,2015,0.421568145751953
GNB,2016,0.42586109161377
GNB,2017,0.430155792236328
GNB,2018,0.434449081420898
GNB,2019,0.438745574951172
GNB,2020,0.443038330078125
GNB,2021,0.447334136962891
GNB,2022,0.451627159118652
GNQ,2009,0.504722820636069
GNQ,2010,0.5312188065291761
GNQ,2011,0.559743349096911
GNQ,2012,0.590106940671203
GNQ,2013,0.622120073583984
GNQ,2014,0.655593240167184
GNQ,2015,0.68951270615355
GNQ,2016,0.6925326985305099
GNQ,2017,0.695516019132985
GNQ,2018,0.698396623666175
GNQ,2019,0.701175419547293
GNQ,2020,0.703853314193247
GNQ,2021,0.706431215020592
GNQ,2022,0.708910029445467
GRC,2009,0.7601749627225349
GRC,2010,0.763631476983077
GRC,2011,0.766352609929407
GRC,2012,0.768679797449322
GRC,2013,0.770951999650171
GRC,2014,0.773130486275866
GRC,2015,0.775194426317545
GRC,2016,0.777122988766348
GRC,2017,0.778895342613411
GRC,2018,0.780490656849874
GRC,2019,0.781888100466875
GRC,2020,0.783066842455552
GRC,2021,0.783884898647442
GRC,2022,0.785502190980809
GRD,2009,0.358877990260417
GRD,2010,0.358743359481443
GRD,2011,0.358601091092326
GRD,2012,0.358652755773132
GRD,2013,0.35879224262377796
GRD,2014,0.359014624346562
GRD,2015,0.359319491111708
GRD,2016,0.359706014181883
GRD,2017,0.360173296416579
GRD,2018,0.360720421424532
GRD,2019,0.361346465679904
GRD,2020,0.36205050251578796
GRD,2021,0.36283160370690803
GRD,2022,0.363688840183487
GRL,2009,0.8385561370849609
GRL,2010,0.842784881591797
GRL,2011,0.845286026000977
GRL,2012,0.848864593505859
GRL,2013,0.853725891113281
GRL,2014,0.856772384643555
GRL,2015,0.8604625701904299
GRL,2016,0.862261047363281
GRL,2017,0.863915557861328
GRL,2018,0.8672509765625
GRL,2019,0.8702178955078119
GRL,2020,0.872840881978115
GRL,2021,0.8754520176136781
GRL,2022,0.878049405256832
GTM,2009,0.507420420912045
GTM,2010,0.513270380592706
GTM,2011,0.5186574698994231
GTM,2012,0.5235233851760001
GTM,2013,0.527809822766245
GTM,2014,0.531458479013964
GTM,2015,0.534411050262961
GTM,2016,0.536609232857043
GTM,2017,0.537994723140017
GTM,2018,0.53845962303542
GTM,2019,0.5418822672679741
GTM,2020,0.545483167911628
GTM,2021,0.549047071553758
GTM,2022,0.552581228215265
GUM,2009,0.9406732236334879
GUM,2010,0.9407651732673079
GUM,2011,0.940771054436498
GUM,2012,0.940777276704115
GUM,2013,0.9407827514038619
GUM,2014,0.9407874767825569
GUM,2015,0.9407914510870199
GUM,2016,0.94079467256407
GUM,2017,0.940797139460527
GUM,2018,0.9407988500232101
GUM,2019,0.9407998024989389
GUM,2020,0.940804991087801
GUM,2021,0.940884327694075
GUM,2022,0.9410682618420461
GUY,2009,0.26620074648793
GUY,2010,0.264592185137368
GUY,2011,0.263999996185303
GUY,2012,0.263999996185303
GUY,2013,0.26400389135366903
GUY,2014,0.264018152016157
GUY,2015,0.264043918297579
GUY,2016,0.264080892882899
GUY,2017,0.26412905546573
GUY,2018,0.264188378517884
GUY,2019,0.264258834773058
GUY,2020,0.26434039735367604
GUY,2021,0.26443303961947
GUY,2022,0.26453673506818304
HND,2009,0.506740175729851
HND,2010,0.513273733161098
HND,2011,0.519908892304951
HND,2012,0.526641557109031
HND,2013,0.53356379133253
HND,2014,0.538768089124249
HND,2015,0.543828473751434
HND,2016,0.548868414578857
HND,2017,0.553877322339915
HND,2018,0.558852577716247
HND,2019,0.5637915613897659
HND,2020,0.568691654042685
HND,2021,0.573550236357547
HND,2022,0.578364689017254
HRV,2009,0.5530966402506821
HRV,2010,0.552824979327886
HRV,2011,0.552773793281248
HRV,2012,0.5530428886248729
HRV,2013,0.553659479687433
HRV,2014,0.554591834926844
HRV,2015,0.555812594509004
HRV,2016,0.557294398599808
HRV,2017,0.559009887365155
HRV,2018,0.56093170097094
HRV,2019,0.56303247958306
HRV,2020,0.565284863367411
HRV,2021,0.567683502560171
HRV,2022,0.569977571733605
HTI,2009,0.453786413995138
HTI,2010,0.460679741838751
HTI,2011,0.467523749519985
HTI,2012,0.474314843495779
HTI,2013,0.481049430223048
HTI,2014,0.487723916158687
HTI,2015,0.49433470775957195
HTI,2016,0.50087821148256
HTI,2017,0.50735083378449
HTI,2018,0.51374898112219
HTI,2019,0.520069059952475
HTI,2020,0.526307476732151
HTI,2021,0.532460637918026
HTI,2022,0.538524949966907
HUN,2009,0.684592590332031
HUN,2010,0.6953054809570309
HUN,2011,0.6947799340820311
HUN,2012,0.6957723266601561
HUN,2013,0.6992776362666381
HUN,2014,0.703071053512008
HUN,2015,0.7048477172851559
HUN,2016,0.704733810424805
HUN,2017,0.7045425415039059
HUN,2018,0.7047117614746089
HUN,2019,0.7045652770996089
HUN,2020,0.7029173278808589
HUN,2021,0.7020592753314131
HUN,2022,0.7015850642434449
IDN,2009,0.49167757981329996
IDN,2010,0.498521375148888
IDN,2011,0.504830017089844
IDN,2012,0.5115939331054691
IDN,2013,0.518307495117188
IDN,2014,0.525002136230469
IDN,2015,0.531720771789551
IDN,2016,0.53812557220459
IDN,2017,0.544541015625
IDN,2018,0.550956840515137
IDN,2019,0.557382049560547
IDN,2020,0.562785287648768
IDN,2021,0.568761702464027
IDN,2022,0.574934704226599
IMN,2009,0.517305375428215
IMN,2010,0.519396170300917
IMN,2011,0.520246324097527
IMN,2012,0.5205553173226289
IMN,2013,0.520804107092926
IMN,2014,0.520997913403899
IMN,2015,0.521164840474526
IMN,2016,0.521331532169475
IMN,2017,0.521498415744309
IMN,2018,0.5216518938645379
IMN,2019,0.521789898247578
IMN,2020,0.521909519786866
IMN,2021,0.5219995596606339
IMN,2022,0.521955609162662
IND,2009,0.305185314023263
IND,2010,0.309042190810094
IND,2011,0.312746502853309
IND,2012,0.315898935604399
IND,2013,0.319096789235237
IND,2014,0.322288233408821
IND,2015,0.325472990022299
IND,2016,0.328650780972823
IND,2017,0.331821328157539
IND,2018,0.334984353473598
IND,2019,0.338139578818147
IND,2020,0.341286726088333
IND,2021,0.34442551718130404
IND,2022,0.347555673994206
IRL,2009,0.616421022728798
IRL,2010,0.618910689348512
IRL,2011,0.620872735820277
IRL,2012,0.622529318511038
IRL,2013,0.624047157756118
IRL,2014,0.62535401730577
IRL,2015,0.626392123492764
IRL,2016,0.627229399123734
IRL,2017,0.629035196521232
IRL,2018,0.630844503476779
IRL,2019,0.632737009154127
IRL,2020,0.6347133667249151
IRL,2021,0.636774229356985
IRL,2022,0.638920250215059
IRN,2009,0.6999007683587
IRN,2010,0.7060926267743859
IRN,2011,0.71204050944517
IRN,2012,0.7176336340412939
IRN,2013,0.723030873515412
IRN,2014,0.7283240703852231
IRN,2015,0.733561403575949
IRN,2016,0.738796100096595
IRN,2017,0.7440118408203119
IRN,2018,0.748034286499023
IRN,2019,0.752038879394531
IRN,2020,0.755986404418945
IRN,2021,0.759926376342773
IRN,2022,0.763342208862305
IRQ,2009,0.6897423285052839
IRQ,2010,0.690582953378474
IRQ,2011,0.6912522338699161
IRQ,2012,0.692222213745117
IRQ,2013,0.69444450378418
IRQ,2014,0.6966666412353519
IRQ,2015,0.69920524597168
IRQ,2016,0.699123778259643
IRQ,2017,0.698944511190753
IRQ,2018,0.6987651488658421
IRQ,2019,0.6986833953857421
IRQ,2020,0.6986831665039059
IRQ,2021,0.698682708740234
IRQ,2022,0.698682861328125
ISL,2009,0.934441340553707
ISL,2010,0.934588348107886
ISL,2011,0.9341106112427
ISL,2012,0.93514892578125
ISL,2013,0.9361667251586919
ISL,2014,0.936196716315805
ISL,2015,0.9372791976856599
ISL,2016,0.937822647094726
ISL,2017,0.937718982310092
ISL,2018,0.938526667025487
ISL,2019,0.9397708474161309
ISL,2020,0.941367102874722
ISL,2021,0.942108206403841
ISL,2022,0.9417870712280281
ISR,2009,
ISR,2010,
ISR,2011,
ISR,2012,
ISR,2013,
ISR,2014,
ISR,2015,
ISR,2016,
ISR,2017,
ISR,2018,
ISR,2019,
ISR,2020,
ISR,2021,
ISR,2022,
ITA,2009,0.680494239486665
ITA,2010,0.6821637418298571
ITA,2011,0.684015073889511
ITA,2012,0.6876087942352591
ITA,2013,0.6930739899160759
ITA,2014,0.6958076386148789
ITA,2015,0.6961000061035161
ITA,2016,0.695969232525286
ITA,2017,0.695180784259382
ITA,2018,0.694800033569336
ITA,2019,0.695050010681153
ITA,2020,0.6951874923706061
ITA,2021,0.694812507629394
ITA,2022,0.694839779766539
JAM,2009,0.535618180258738
JAM,2010,0.537535679480806
JAM,2011,0.53956586109128
JAM,2012,0.542478817703732
JAM,2013,0.5454881981198301
JAM,2014,0.548660395670395
JAM,2015,0.5519952480149241
JAM,2016,0.55549259277615
JAM,2017,0.5591522675483069
JAM,2018,0.56297410990325
JAM,2019,0.566957957395074
JAM,2020,0.571103647563627
JAM,2021,0.575411017937226
JAM,2022,0.579879906034775
JOR,2009,0.811117480967305
JOR,2010,0.8226010838870841
JOR,2011,0.8355050438250641
JOR,2012,0.849592629639423
JOR,2013,0.864627110188335
JOR,2014,0.8803717543299779
JOR,2015,0.8988813919391331
JOR,2016,0.9056272794707
JOR,2017,0.908764609714428
JOR,2018,0.912008859099729
JOR,2019,0.9151596649250701
JOR,2020,0.918216722992319
JOR,2021,0.92117972910453
JOR,2022,0.9240483790661629
JPN,2009,0.901131158718189
JPN,2010,0.906228586840649
JPN,2011,0.908631654434251
JPN,2012,0.910265277326652
JPN,2013,0.911516595654317
JPN,2014,0.912548945132333
JPN,2015,0.913532644103625
JPN,2016,0.9145412548521421
JPN,2017,0.915498419685883
JPN,2018,0.916377318609728
JPN,2019,0.9171642078981069
JPN,2020,0.917809926267889
JPN,2021,0.918741049279527
JPN,2022,0.9197765324284061
KAZ,2009,0.5411671447488849
KAZ,2010,0.542054127497102
KAZ,2011,0.543996086425518
KAZ,2012,0.5469208192838
KAZ,2013,0.550779764821252
KAZ,2014,0.555524361787178
KAZ,2015,0.561106048930882
KAZ,2016,0.567476265001667
KAZ,2017,0.574586448748837
KAZ,2018,0.582388038921695
KAZ,2019,0.590832474269546
KAZ,2020,0.599871193541692
KAZ,2021,0.61030254280267
KAZ,2022,0.61444157327248
KEN,2009,0.318603086707305
KEN,2010,0.318713287706458
KEN,2011,0.318673949025409
KEN,2012,0.318558130142761
KEN,2013,0.318324454433988
KEN,2014,0.31793154527456297
KEN,2015,0.31733802603995803
KEN,2016,0.316502520105647
KEN,2017,0.315383650847102
KEN,2018,0.313940041639796
KEN,2019,0.31189556642113503
KEN,2020,0.312063494632616
KEN,2021,0.312879334021971
KEN,2022,0.314307820066946
KGZ,2009,0.352815523593591
KGZ,2010,0.35267768240398
KGZ,2011,0.35246650796198403
KGZ,2012,0.35218916221918
KGZ,2013,0.351850529225105
KGZ,2014,0.351455493029297
KGZ,2015,0.351008937681291
KGZ,2016,0.350515747230627
KGZ,2017,0.349980805726839
KGZ,2018,0.349408997219466
KGZ,2019,0.34880520575804397
KGZ,2020,0.348174315392111
KGZ,2021,0.347521210171204
KGZ,2022,0.34700305349774296
KHM,2009,0.20197972872651898
KHM,2010,0.211232251168762
KHM,2011,0.22382478853127602
KHM,2012,0.239411047582349
KHM,2013,0.25764473509027097
KHM,2014,0.27817955782333104
KHM,2015,0.300669222549819
KHM,2016,0.324767436038024
KHM,2017,0.350127905056235
KHM,2018,0.376404336372742
KHM,2019,0.395830241256026
KHM,2020,0.39832658030921997
KHM,2021,0.40109185812884696
KHM,2022,0.40374616187367995
KIR,2009,0.473510238975116
KIR,2010,0.48460383956471803
KIR,2011,0.491228169536795
KIR,2012,0.495800786695548
KIR,2013,0.499687043258795
KIR,2014,0.5039093089223851
KIR,2015,0.5095419704020641
KIR,2016,0.5177105530023209
KIR,2017,0.529734697275451
KIR,2018,0.545004023142497
KIR,2019,0.562846727145489
KIR,2020,0.584123714112748
KIR,2021,0.5963646453019851
KIR,2022,0.6057391265594191
KNA,2009,0.314311032932653
KNA,2010,0.313056125693165
KNA,2011,0.31200064837964603
KNA,2012,0.312035138804223
KNA,2013,0.312131485582887
KNA,2014,0.312290015317909
KNA,2015,0.312513929695583
KNA,2016,0.312806171906169
KNA,2017,0.313169642505921
KNA,2018,0.313607229995076
KNA,2019,0.314121818392285
KNA,2020,0.314716289738952
KNA,2021,0.315393525093972
KNA,2022,0.316156404983167
KOR,2009,0.8192450450840021
KOR,2010,0.819685075986486
KOR,2011,0.8196154080863759
KOR,2012,0.819087898200378
KOR,2013,0.818269383502703
KOR,2014,0.817315682816954
KOR,2015,0.8163948986067799
KOR,2016,0.815559241797057
KOR,2017,0.8147103042998399
KOR,2018,0.813823523035196
KOR,2019,0.812901063535619
KOR,2020,0.811759595622913
KOR,2021,0.811616526507785
KOR,2022,0.8116249416268729
KWT,2009,1.0
KWT,2010,1.0
KWT,2011,1.0
KWT,2012,1.0
KWT,2013,1.0
KWT,2014,1.0
KWT,2015,1.0
KWT,2016,1.0
KWT,2017,1.0
KWT,2018,1.0
KWT,2019,1.0
KWT,2020,1.0
KWT,2021,1.0
KWT,2022,1.0
LAO,2009,0.300420311503825
LAO,2010,0.30646860089017197
LAO,2011,0.312146877128668
LAO,2012,0.317422801040872
LAO,2013,0.322264033448341
LAO,2014,0.326638235172635
LAO,2015,0.331240204432199
LAO,2016,0.338267455533474
LAO,2017,0.34511534644421604
LAO,2018,0.35205007003201305
LAO,2019,0.359072880879451
LAO,2020,0.366185033569111
LAO,2021,0.37338778268357
LAO,2022,0.380682382805397
LBN,2009,0.8745586780918779
LBN,2010,0.8763921928106789
LBN,2011,0.878270813653079
LBN,2012,0.8801950668080749
LBN,2013,0.882165478464663
LBN,2014,0.884182574811842
LBN,2015,0.886246882038608
LBN,2016,0.88835892633396
LBN,2017,0.890519233886895
LBN,2018,0.8927283308864099
LBN,2019,0.894986743521503
LBN,2020,0.8972949979811701
LBN,2021,0.89965362045441
LBN,2022,0.90206313713022
LBR,2009,0.476245255922562
LBR,2010,0.48140751705790696
LBR,2011,0.486583302770849
LBR,2012,0.49177324763952596
LBR,2013,0.496977986242077
LBR,2014,0.502198153156642
LBR,2015,0.507434382961363
LBR,2016,0.512687310234384
LBR,2017,0.517957569553849
LBR,2018,0.523245795497906
LBR,2019,0.5285526226447
LBR,2020,0.533878685572381
LBR,2021,0.539224618859098
LBR,2022,0.544591057083
LBY,2009,0.8813458251953119
LBY,2010,0.881177139282227
LBY,2011,0.880970458984375
LBY,2012,0.880727920532227
LBY,2013,0.880451431274414
LBY,2014,0.8801420593261721
LBY,2015,0.878159103393555
LBY,2016,0.878160056703177
LBY,2017,0.878166729870528
LBY,2018,0.87818484275334
LBY,2019,0.878220115209342
LBY,2020,0.8782782670962629
LBY,2021,0.878365018271835
LBY,2022,0.878486088593786
LCA,2009,0.189805947108213
LCA,2010,0.185125070971313
LCA,2011,0.184743479557314
LCA,2012,0.186193081275177
LCA,2013,0.18925837099994802
LCA,2014,0.19391544590472598
LCA,2015,0.200204288176073
LCA,2016,0.208164880000551
LCA,2017,0.21783720356472
LCA,2018,0.229261241055144
LCA,2019,0.242476974658382
LCA,2020,0.257524386560998
LCA,2021,0.27444345894955097
LCA,2022,0.29097678526675996
LIE,2009,0.14431485229868402
LIE,2010,0.144154354105611
LIE,2011,0.144099998474121
LIE,2012,0.144124545370445
LIE,2013,0.144201755971624
LIE,2014,0.144336985145967
LIE,2015,0.144535587761782
LIE,2016,0.14480291868737902
LIE,2017,0.145144332791067
LIE,2018,0.145565184941154
LIE,2019,0.146070830005951
LIE,2020,0.146666622853765
LIE,2021,0.146989159370696
LIE,2022,0.14692307007153801
LKA,2009,0.16742813640559198
LKA,2010,0.172486209380693
LKA,2011,0.17788119281796402
LKA,2012,0.182617686748284
LKA,2013,0.184323136480916
LKA,2014,0.186153877203724
LKA,2015,0.18796256612131
LKA,2016,0.189747679368162
LKA,2017,0.19150769307808801
LKA,2018,0.193241083384127
LKA,2019,0.194946326418437
LKA,2020,0.196621898312161
LKA,2021,0.19826627519526901
LKA,2022,0.199877933196367
LSO,2009,0.262591028264855
LSO,2010,0.274004815007995
LSO,2011,0.286150355175921
LSO,2012,0.29897034005545303
LSO,2013,0.312407460933407
LSO,2014,0.326404409096604
LSO,2015,0.340903875831861
LSO,2016,0.355077950709441
LSO,2017,0.36528364806884606
LSO,2018,0.37569092747415
LSO,2019,0.386040920446259
LSO,2020,0.39632930542553196
LSO,2021,0.406551760851997
LSO,2022,0.416703965165322
LTU,2009,0.667816619873047
LTU,2010,0.667712860107422
LTU,2011,0.667518340055756
LTU,2012,0.668536758422852
LTU,2013,0.6700920867919921
LTU,2014,0.6715149376280231
LTU,2015,0.6722824859619141
LTU,2016,0.671894226074219
LTU,2017,0.671012954711914
LTU,2018,0.671464742010457
LTU,2019,0.67245735168457
LTU,2020,0.674254608154297
LTU,2021,0.6819121170043949
LTU,2022,0.682866452426813
LUX,2009,0.8803790760279491
LUX,2010,0.8848791681657999
LUX,2011,0.8895628148372541
LUX,2012,0.8944057680172919
LUX,2013,0.8994137466797051
LUX,2014,0.904577807676859
LUX,2015,0.909893679353068
LUX,2016,0.9153570900526491
LUX,2017,0.9209637681199161
LUX,2018,0.926709441899184
LUX,2019,0.9325898397347671
LUX,2020,0.938600689970981
LUX,2021,0.945861743396533
LUX,2022,0.947605400940185
LVA,2009,0.678323653539295
LVA,2010,0.678270681752453
LVA,2011,0.678266897008267
LVA,2012,0.6783316389422189
LVA,2013,0.67847334482933
LVA,2014,0.6786860353649441
LVA,2015,0.678965395668259
LVA,2016,0.679307110858472
LVA,2017,0.6797068660547789
LVA,2018,0.680160346376376
LVA,2019,0.6806632369424599
LVA,2020,0.681211222872228
LVA,2021,0.6818087914636931
LVA,2022,0.682570218109034
MAR,2009,0.577306189138977
MAR,2010,0.583287516486646
MAR,2011,0.58902576690412
MAR,2012,0.594348555979895
MAR,2013,0.599083499302469
MAR,2014,0.603030486171654
MAR,2015,0.606417124737154
MAR,2016,0.6096576565371791
MAR,2017,0.612761057031842
MAR,2018,0.615695822753314
MAR,2019,0.618430450233765
MAR,2020,0.620933436005366
MAR,2021,0.623173276600289
MAR,2022,0.6251184685507031
MCO,2009,1.0
MCO,2010,1.0
MCO,2011,1.0
MCO,2012,1.0
MCO,2013,1.0
MCO,2014,1.0
MCO,2015,1.0
MCO,2016,1.0
MCO,2017,1.0
MCO,2018,1.0
MCO,2019,1.0
MCO,2020,1.0
MCO,2021,1.0
MCO,2022,1.0
MDA,2009,0.39325534820556596
MDA,2010,0.392804946899414
MDA,2011,0.39346916198730497
MDA,2012,0.39361419677734405
MDA,2013,0.394275512695312
MDA,2014,0.396298484802246
MDA,2015,0.396954040527344
MDA,2016,0.397373237609863
MDA,2017,0.399736557006836
MDA,2018,0.403258094787598
MDA,2019,0.40772289276122997
MDA,2020,0.413368530273438
MDA,2021,0.418115425109863
MDA,2022,0.424048843383789
MDG,2009,0.275933392025561
MDG,2010,0.278651684949103
MDG,2011,0.281336807024963
MDG,2012,0.28398803287108104
MDG,2013,0.286604637105393
MDG,2014,0.289185894345838
MDG,2015,0.291731079210354
MDG,2016,0.29423946631687803
MDG,2017,0.29671033028335
MDG,2018,0.299181125346909
MDG,2019,0.303046972370204
MDG,2020,0.307019474167548
MDG,2021,0.311137123216036
MDG,2022,0.315397813465886
MDV,2009,0.363718272129661
MDV,2010,0.367646137762553
MDV,2011,0.371274623517731
MDV,2012,0.37475963433544
MDV,2013,0.378257075155926
MDV,2014,0.381938859868107
MDV,2015,0.38577151071529103
MDV,2016,0.389560872317815
MDV,2017,0.3932787719143
MDV,2018,0.396923354428279
MDV,2019,0.40049276478328205
MDV,2020,0.40398514790283896
MDV,2021,0.407398648710483
MDV,2022,0.410641769690663
MEX,2009,0.765143930040295
MEX,2010,0.765244441414713
MEX,2011,0.765667802279537
MEX,2012,0.766585199140734
MEX,2013,0.767955768077952
MEX,2014,0.7697413670917661
MEX,2015,0.771903854182753
MEX,2016,0.7744050873514859
MEX,2017,0.777206924598541
MEX,2018,0.780271223924494
MEX,2019,0.7835598433299199
MEX,2020,0.78677960602824
MEX,2021,0.789324007418057
MEX,2022,0.79199683215791
MHL,2009,0.729115832892586
MHL,2010,0.7341156587618091
MHL,2011,0.738553711172585
MHL,2012,0.742705132518924
MHL,2013,0.746790601806083
MHL,2014,0.750790555372177
MHL,2015,0.7547025682073629
MHL,2016,0.7585242153017959
MHL,2017,0.762253071645634
MHL,2018,0.765886712229035
MHL,2019,0.7694227120421541
MHL,2020,0.77285864607515
MHL,2021,0.776163157431143
MHL,2022,0.779855966195187
MKD,2009,0.580280165522288
MKD,2010,0.5812068155412909
MKD,2011,0.582409503926967
MKD,2012,0.583924217811729
MKD,2013,0.58578694432799
MKD,2014,0.588033670608162
MKD,2015,0.590700383784659
MKD,2016,0.5938230709898911
MKD,2017,0.597437719356273
MKD,2018,0.601580316016216
MKD,2019,0.606286848102132
MKD,2020,0.611593302746435
MKD,2021,0.616841975628139
MKD,2022,0.619530566607267
MLI,2009,0.226557955217884
MLI,2010,0.23135946182489397
MLI,2011,0.236379674039304
MLI,2012,0.24160616884858802
MLI,2013,0.247033626854883
MLI,2014,0.252656728660325
MLI,2015,0.25847015486705
MLI,2016,0.264468586077195
MLI,2017,0.270646702892896
MLI,2018,0.276999185916288
MLI,2019,0.283520715749509
MLI,2020,0.29020597299469303
MLI,2021,0.297049638253978
MLI,2022,0.304015705681899
MLT,2009,0.9414237444903619
MLT,2010,0.942412435620154
MLT,2011,0.943155916422812
MLT,2012,0.943626256493653
MLT,2013,0.9439065678562061
MLT,2014,0.94412512773898
MLT,2015,0.944387696268011
MLT,2016,0.944800033569336
MLT,2017,0.9456918063303139
MLT,2018,0.9472423732617059
MLT,2019,0.9493320325246439
MLT,2020,0.951841082280263
MLT,2021,0.9551453436170451
MLT,2022,0.9560031551328789
MMR,2009,0.290033937270962
MMR,2010,0.291415329218024
MMR,2011,0.292724765136213
MMR,2012,0.293956289363345
MMR,2013,0.295103946237239
MMR,2014,0.29616434211646203
MMR,2015,0.29716682119168203
MMR,2016,0.29812916558209396
MMR,2017,0.299051727703437
MMR,2018,0.29993574050729
MMR,2019,0.300782436945232
MMR,2020,0.301593049968842
MMR,2021,0.302368812529698
MMR,2022,0.30311095757938
MNE,2009,0.6411314688723251
MNE,2010,0.643069625751293
MNE,2011,0.6442109148358109
MNE,2012,0.645244008658951
MNE,2013,0.646252987959653
MNE,2014,0.647232143772459
MNE,2015,0.648181652937171
MNE,2016,0.649101692293409
MNE,2017,0.649992438680584
MNE,2018,0.650854068937869
MNE,2019,0.651686759904159
MNE,2020,0.6524906884180269
MNE,2021,0.653266031317675
MNE,2022,0.6540129654408661
MNG,2009,0.673659050254095
MNG,2010,0.678298018313254
MNG,2011,0.6791960587986761
MNG,2012,0.679522782537785
MNG,2013,0.679776750055915
MNG,2014,0.679941357229626
MNG,2015,0.6799999999060949
MNG,2016,0.679776754820979
MNG,2017,0.679260583223672
MNG,2018,0.678683444833372
MNG,2019,0.678277299551557
MNG,2020,0.680894771770775
MNG,2021,0.6921532440185549
MNG,2022,0.69783805847168
MOZ,2009,0.307715592059159
MOZ,2010,0.309861779822921
MOZ,2011,0.312062230032794
MOZ,2012,0.314315251735105
MOZ,2013,0.316619153976179
MOZ,2014,0.318972245802342
MOZ,2015,0.32137283625991797
MOZ,2016,0.32381923439523397
MOZ,2017,0.326274411492675
MOZ,2018,0.329902559073541
MOZ,2019,0.334177241517032
MOZ,2020,0.33904400641628496
MOZ,2021,0.344499259401554
MOZ,2022,0.35053663804794505
MRT,2009,0.447591814741371
MRT,2010,0.459541923109942
MRT,2011,0.471350407023691
MRT,2012,0.48273244735152504
MRT,2013,0.493553973225913
MRT,2014,0.504694791226856
MRT,2015,0.516680350049622
MRT,2016,0.529185627319946
MRT,2017,0.541970448502004
MRT,2018,0.551305077000081
MRT,2019,0.560596215779146
MRT,2020,0.5698367010588931
MRT,2021,0.57901535141641
MRT,2022,0.588120996197226
MUS,2009,0.404548202346069
MUS,2010,0.40304613182771803
MUS,2011,0.401665923228716
MUS,2012,0.400369511615085
MUS,2013,0.399108848558771
MUS,2014,0.397887571971735
MUS,2015,0.396709610617726
MUS,2016,0.395578893260494
MUS,2017,0.39449934866378894
MUS,2018,0.393474905591359
MUS,2019,0.392509492806955
MUS,2020,0.391607039074325
MUS,2021,0.39077147315722
MUS,2022,0.390000125885784
MWI,2009,0.154015312766848
MWI,2010,0.154776969380518
MWI,2011,0.155523153908723
MWI,2012,0.156253133040464
MWI,2013,0.156966173464742
MWI,2014,0.15766154187056
MWI,2015,0.158338504946918
MWI,2016,0.15899632938282
MWI,2017,0.159634281867266
MWI,2018,0.160221486554255
MWI,2019,0.161383746619001
MWI,2020,0.16296147175640902
MWI,2021,0.164881925800694
MWI,2022,0.167146031979436
MYS,2009,0.7024626283638391
MYS,2010,0.708625314831025
MYS,2011,0.714245166681964
MYS,2012,0.719680127926087
MYS,2013,0.724882717118078
MYS,2014,0.729802206910773
MYS,2015,0.734387869957006
MYS,2016,0.7385889789096141
MYS,2017,0.742354806421432
MYS,2018,0.745634625145296
MYS,2019,0.748377707734042
MYS,2020,0.750511895575672
MYS,2021,0.7550886281919069
MYS,2022,0.759741357073003
NAM,2009,0.40852490032824595
NAM,2010,0.417946176561991
NAM,2011,0.426276075621535
NAM,2012,0.43380407918569397
NAM,2013,0.44110676907913204
NAM,2014,0.448214248210559
NAM,2015,0.455103554445325
NAM,2016,0.46175172564878403
NAM,2017,0.468135799686288
NAM,2018,0.47423281442318904
NAM,2019,0.480019807724839
NAM,2020,0.48547381745659
NAM,2021,0.49057188148379605
NAM,2022,0.495291037671807
NCL,2009,0.666631859586932
NCL,2010,0.66703836218007
NCL,2011,0.6672620912221301
NCL,2012,0.667417059914448
NCL,2013,0.667584127864925
NCL,2014,0.667846387072769
NCL,2015,0.668278045547803
NCL,2016,0.6689020546584059
NCL,2017,0.669683393293094
NCL,2018,0.670588809757675
NCL,2019,0.671574673707832
NCL,2020,0.6727472610659331
NCL,2021,0.674130776539646
NCL,2022,0.675720305021282
NER,2009,0.162511180003032
NER,2010,0.162416301279116
NER,2011,0.162303066053496
NER,2012,0.16214128400435499
NER,2013,0.162162595696064
NER,2014,0.16245042461166498
NER,2015,0.16303560658749303
NER,2016,0.16389828054323602
NER,2017,0.165036987906896
NER,2018,0.166449011799221
NER,2019,0.16813146499685
NER,2020,0.170081420003794
NER,2021,0.172295936666686
NER,2022,0.17477207007512
NGA,2009,0.5086453484762
NGA,2010,0.516778188255446
NGA,2011,0.52490352424079
NGA,2012,0.53302114902293
NGA,2013,0.541130855192568
NGA,2014,0.549232435340404
NGA,2015,0.557325682057138
NGA,2016,0.56541038793347
NGA,2017,0.5734863455601009
NGA,2018,0.581553347527729
NGA,2019,0.589611186427056
NGA,2020,0.597659654848781
NGA,2021,0.605698545383604
NGA,2022,0.613727650622225
NIC,2009,0.56651098305894
NIC,2010,0.56842311091973
NIC,2011,0.570362425004184
NIC,2012,0.572316842226606
NIC,2013,0.5742742795012991
NIC,2014,0.576222653742564
NIC,2015,0.5781498818647051
NIC,2016,0.580043880782023
NIC,2017,0.581892567408822
NIC,2018,0.5836838586594051
NIC,2019,0.585405671448072
NIC,2020,0.587045922689128
NIC,2021,0.588592529296875
NIC,2022,0.589954376220703
NLD,2009,0.862223179632671
NLD,2010,0.8735027902471291
NLD,2011,0.8800592049725731
NLD,2012,0.885342462391333
NLD,2013,0.891749992370605
NLD,2014,0.898364787097165
NLD,2015,0.902787737214621
NLD,2016,0.905803239452777
NLD,2017,0.911219700676602
NLD,2018,0.926062472401044
NLD,2019,0.938898028856479
NLD,2020,0.9425322777659351
NLD,2021,0.946294783220315
NLD,2022,0.9498561777341359
NOR,2009,0.790570820210427
NOR,2010,0.79245002746582
NOR,2011,0.79311620451463
NOR,2012,0.794905925441617
NOR,2013,0.799723980455359
NOR,2014,0.806117159535579
NOR,2015,0.812378240971353
NOR,2016,0.8168000030517579
NOR,2017,0.819699745912375
NOR,2018,0.822452112401723
NOR,2019,0.824935894878281
NOR,2020,0.8270298857005319
NOR,2021,0.828612877226956
NOR,2022,0.829563661816034
NPL,2009,0.598638612146309
NPL,2010,0.620156581578338
NPL,2011,0.6313994979858399
NPL,2012,0.636558406194333
NPL,2013,0.641314570156048
NPL,2014,0.645640847098488
NPL,2015,0.649510094249155
NPL,2016,0.652895168835553
NPL,2017,0.6557689280851839
NPL,2018,0.658104229225551
NPL,2019,0.659873929484157
NPL,2020,0.6610508860885049
NPL,2021,0.66144235274522
NPL,2022,0.6629929687210531
NRU,2009,1.0
NRU,2010,1.0
NRU,2011,1.0
NRU,2012,1.0
NRU,2013,1.0
NRU,2014,1.0
NRU,2015,1.0
NRU,2016,1.0
NRU,2017,1.0
NRU,2018,1.0
NRU,2019,1.0
NRU,2020,1.0
NRU,2021,1.0
NRU,2022,1.0
NZL,2009,0.858918345477824
NZL,2010,0.858614043258228
NZL,2011,0.858233151875134
NZL,2012,0.8577770067689601
NZL,2013,0.857080129786455
NZL,2014,0.855076659530411
NZL,2015,0.8515187637605309
NZL,2016,0.84691365594
NZL,2017,0.841701025874108
NZL,2018,0.838017846685577
NZL,2019,0.8380496587166699
NZL,2020,0.838138977095908
NZL,2021,0.838299382585905
NZL,2022,0.838547305017812
OMN,2009,0.745338635149003
OMN,2010,0.751579724666274
OMN,2011,0.756585803514688
OMN,2012,0.7608815662106799
OMN,2013,0.764914234214313
OMN,2014,0.7688925767489511
OMN,2015,0.7730253630379551
OMN,2016,0.777521362304688
OMN,2017,0.7831422600401361
OMN,2018,0.789655839720276
OMN,2019,0.7957800175459621
OMN,2020,0.8001763789227221
OMN,2021,0.801239942103569
OMN,2022,0.800117053152301
PAK,2009,0.346280259603331
PAK,2010,0.34815918747553903
PAK,2011,0.350113675889897
PAK,2012,0.352160229383731
PAK,2013,0.354315352494366
PAK,2014,0.356595549759128
PAK,2015,0.35901732571534195
PAK,2016,0.361597184900333
PAK,2017,0.36435154822339905
PAK,2018,0.36747851155035904
PAK,2019,0.37109163173576903
PAK,2020,0.37508019294809897
PAK,2021,0.379333395514173
PAK,2022,0.383740439760816
PAN,2009,0.6497304055107369
PAN,2010,0.650926097647906
PAN,2011,0.6518966786648179
PAN,2012,0.652829468288151
PAN,2013,0.6537097701033651
PAN,2014,0.654531164770096
PAN,2015,0.655287232947981
PAN,2016,0.655971555296656
PAN,2017,0.6565777124757579
PAN,2018,0.657099285144924
PAN,2019,0.65752985396379
PAN,2020,0.657862999591993
PAN,2021,0.6580923026891691
PAN,2022,0.6582113439149561
PER,2009,0.7682214754074499
PER,2010,0.774020936833934
PER,2011,0.7801181649854619
PER,2012,0.7864880614512679
PER,2013,0.793105527820586
PER,2014,0.7999454656826489
PER,2015,0.80698277662669
PER,2016,0.8141923622419429
PER,2017,0.8219316505024029
PER,2018,0.8268549299609209
PER,2019,0.831033003087105
PER,2020,0.835267437189637
PER,2021,0.839480118272361
PER,2022,0.8436635549511939
PHL,2009,0.443356772609527
PHL,2010,0.455208176726647
PHL,2011,0.466833632464759
PHL,2012,0.479182784810426
PHL,2013,0.49131368876620596
PHL,2014,0.5023924002123681
PHL,2015,0.511549047745227
PHL,2016,0.519114748151175
PHL,2017,0.526010482354344
PHL,2018,0.532088897464754
PHL,2019,0.537157859948017
PHL,2020,0.541077719895977
PHL,2021,0.544504102510776
PHL,2022,0.547902343568327
PLW,2009,0.802186712923386
PLW,2010,0.806626667312304
PLW,2011,0.8097472312462629
PLW,2012,0.8112856635684351
PLW,2013,0.810756895339142
PLW,2014,0.8073386403625661
PLW,2015,0.80388246269234
PLW,2016,0.801089335766065
PLW,2017,0.7982845790224979
PLW,2018,0.7955208685687439
PLW,2019,0.7928038141528271
PLW,2020,0.7907968840062639
PLW,2021,0.7908907987824161
PLW,2022,0.791134831712956
PNG,2009,0.13008427139986
PNG,2010,0.130021920069407
PNG,2011,0.130000025015364
PNG,2012,0.130143796071362
PNG,2013,0.130582475733094
PNG,2014,0.131316404025265
PNG,2015,0.132341359836319
PNG,2016,0.13365365194239198
PNG,2017,0.135249644881888
PNG,2018,0.137125720532162
PNG,2019,0.139278267446947
PNG,2020,0.141703677185729
PNG,2021,0.144398342822353
PNG,2022,0.147358658260841
POL,2009,0.609800753477
POL,2010,0.608474783987677
POL,2011,0.607357090652544
POL,2012,0.606341632788866
POL,2013,0.605333187465323
POL,2014,0.604340063344328
POL,2015,0.603362886805635
POL,2016,0.602402284228997
POL,2017,0.60145888199417
POL,2018,0.600533306480907
POL,2019,0.599626184068963
POL,2020,0.598738141138092
POL,2021,0.598096513205543
POL,2022,0.598315488048321
PRI,2009,0.9376927620939639
PRI,2010,0.9375887722143911
PRI,2011,0.937598202101009
PRI,2012,0.937630744424317
PRI,2013,0.937698316907305
PRI,2014,0.9378130718189681
PRI,2015,0.937987161428303
PRI,2016,0.938232738004303
PRI,2017,0.938561953815964
PRI,2018,0.938986961132283
PRI,2019,0.9395199122222531
PRI,2020,0.940116144995587
PRI,2021,0.9405507125973019
PRI,2022,0.941110923054937
PRK,2009,0.601544414620403
PRK,2010,0.60307007469148
PRK,2011,0.6048362306844041
PRK,2012,0.606781140779735
PRK,2013,0.608843063158034
PRK,2014,0.610940947540873
PRK,2015,0.613247571174501
PRK,2016,0.615681351428803
PRK,2017,0.618206076091402
PRK,2018,0.620826119807623
PRK,2019,0.623542226611578
PRK,2020,0.626355140538495
PRK,2021,0.62926560562457
PRK,2022,0.632274365906829
PRT,2009,0.608066368745822
PRT,2010,0.610788867241731
PRT,2011,0.611410698395502
PRT,2012,0.611409793914666
PRT,2013,0.611405315215642
PRT,2014,0.6113945373611159
PRT,2015,0.61137469211538
PRT,2016,0.611343011242723
PRT,2017,0.611296726507436
PRT,2018,0.611233069673808
PRT,2019,0.61114927250613
PRT,2020,0.611042566768691
PRT,2021,0.6109512492965969
PRT,2022,0.6112592557727821
PRY,2009,0.593666109432844
PRY,2010,0.595122792618786
PRY,2011,0.59693499539898
PRY,2012,0.599212909454702
PRY,2013,0.602375315600901
PRY,2014,0.607101965948157
PRY,2015,0.613302768533263
PRY,2016,0.620827613208606
PRY,2017,0.6295263898265739
PRY,2018,0.639248988239553
PRY,2019,0.649845298299929
PRY,2020,0.66116520986009
PRY,2021,0.673058612772421
PRY,2022,0.686396537819458
PSE,2009,
PSE,2010,
PSE,2011,
PSE,2012,
PSE,2013,
PSE,2014,
PSE,2015,
PSE,2016,
PSE,2017,
PSE,2018,
PSE,2019,
PSE,2020,
PSE,2021,
PSE,2022,
PYF,2009,0.600681095268001
PYF,2010,0.607610223950988
PYF,2011,0.612717342597741
PYF,2012,0.615286539604592
PYF,2013,0.616130486661995
PYF,2014,0.616824807401268
PYF,2015,0.617374742154907
PYF,2016,0.617744381369651
PYF,2017,0.617896941062846
PYF,2018,0.617888025236875
PYF,2019,0.6178241424275079
PYF,2020,0.6176731009209999
PYF,2021,0.617399813226008
PYF,2022,0.6169138069371121
QAT,2009,0.983494885340955
QAT,2010,0.985066232166665
QAT,2011,0.986300610210909
QAT,2012,0.987428010471968
QAT,2013,0.9883576218279011
QAT,2014,0.98901627838826
QAT,2015,0.989382407681154
QAT,2016,0.989855265345423
QAT,2017,0.9903101252659781
QAT,2018,0.9907556847622441
QAT,2019,0.9911916966720671
QAT,2020,0.991617913833034
QAT,2021,0.9920340890824301
QAT,2022,0.99243997525719
ROU,2009,0.537875150259042
ROU,2010,0.539038227941329
ROU,2011,0.539608874244169
ROU,2012,0.539563092496073
ROU,2013,0.539101758034365
ROU,2014,0.538267187624053
ROU,2015,0.537071839518893
ROU,2016,0.535528171972639
ROU,2017,0.5336486432390459
ROU,2018,0.531445711571868
ROU,2019,0.528931835224862
ROU,2020,0.52611947245178
ROU,2021,0.522321512130811
ROU,2022,0.521634832477272
RUS,2009,0.7352886962890619
RUS,2010,0.7366963078876241
RUS,2011,0.738534851074219
RUS,2012,0.7397265625
RUS,2013,0.7407629497702279
RUS,2014,0.741776476748791
RUS,2015,0.7427591906552701
RUS,2016,0.7437031387092431
RUS,2017,0.7446003681302901
RUS,2018,0.745442926137992
RUS,2019,0.7462228599519259
RUS,2020,0.746932216791674
RUS,2021,0.747516840220252
RUS,2022,0.748544893625017
RWA,2009,0.169206894426355
RWA,2010,0.169255580310614
RWA,2011,0.16932358688127302
RWA,2012,0.16941024888214798
RWA,2013,0.170742206053612
RWA,2014,0.175020716539756
RWA,2015,0.18195314985841599
RWA,2016,0.19121395178654801
RWA,2017,0.20247756810111098
RWA,2018,0.215418444579064
RWA,2019,0.229711026997362
RWA,2020,0.245029761132966
RWA,2021,0.261049092762833
RWA,2022,0.277806702737761
SAU,2009,0.8186444801168891
SAU,2010,0.820791668544465
SAU,2011,0.8225438761599471
SAU,2012,0.8243119180253581
SAU,2013,0.826071884619102
SAU,2014,0.827822571294871
SAU,2015,0.8295627734061629
SAU,2016,0.83129128630626
SAU,2017,0.83300690534822
SAU,2018,0.834708425884849
SAU,2019,0.836394643268678
SAU,2020,0.838064352851942
SAU,2021,0.839716349986538
SAU,2022,0.841349430023993
SDN,2009,0.325774622972843
SDN,2010,0.32717402659151296
SDN,2011,0.329059760141986
SDN,2012,0.331425561614901
SDN,2013,0.334264777958103
SDN,2014,0.33762458240811705
SDN,2015,0.34091439462859696
SDN,2016,0.341881958841213
SDN,2017,0.342872225663509
SDN,2018,0.34382054222005004
SDN,2019,0.34472768582423596
SDN,2020,0.345594433789246
SDN,2021,0.346421563427994
SDN,2022,0.347209852053086
SEN,2009,0.4323773199459
SEN,2010,0.43637178505969204
SEN,2011,0.440689668509475
SEN,2012,0.445359772452989
SEN,2013,0.450398750539456
SEN,2014,0.45602090534158796
SEN,2015,0.462747669629858
SEN,2016,0.470553579909929
SEN,2017,0.479338349639053
SEN,2018,0.48900169227448503
SEN,2019,0.499443321273477
SEN,2020,0.510562950093282
SEN,2021,0.522260292191155
SEN,2022,0.534435061024348
SGP,2009,1.0
SGP,2010,1.0
SGP,2011,1.0
SGP,2012,1.0
SGP,2013,1.0
SGP,2014,1.0
SGP,2015,1.0
SGP,2016,1.0
SGP,2017,1.0
SGP,2018,1.0
SGP,2019,1.0
SGP,2020,1.0
SGP,2021,1.0
SGP,2022,1.0
SLB,2009,0.195633740998673
SLB,2010,0.20119405820625702
SLB,2011,0.207284892962955
SLB,2012,0.213906964219987
SLB,2013,0.221027262484765
SLB,2014,0.228612778264703
SLB,2015,0.236630502067213
SLB,2016,0.24504742439970698
SLB,2017,0.25383053576959896
SLB,2018,0.262946826684302
SLB,2019,0.27275106750276
SLB,2020,0.280327555150022
SLB,2021,0.286889396820578
SLB,2022,0.29351168985680604
SLE,2009,0.38249635153266603
SLE,2010,0.386417328938613
SLE,2011,0.39047215349160197
SLE,2012,0.394644094876975
SLE,2013,0.398916422780075
SLE,2014,0.403272406886245
SLE,2015,0.40766956518709896
SLE,2016,0.41229411538771
SLE,2017,0.417106682105058
SLE,2018,0.42201102526780304
SLE,2019,0.42701844491444096
SLE,2020,0.43212965912354595
SLE,2021,0.437345385973699
SLE,2022,0.44266634354348705
SLV,2009,0.645299047495248
SLV,2010,0.6543279275431619
SLV,2011,0.66334413642034
SLV,2012,0.672232666950659
SLV,2013,0.680878511957995
SLV,2014,0.689166664266223
SLV,2015,0.6969821166992191
SLV,2016,0.703990173339844
SLV,2017,0.7108567047119141
SLV,2018,0.717577209472656
SLV,2019,0.724148941040039
SLV,2020,0.7305702209472661
SLV,2021,0.736838531494141
SLV,2022,0.741465021298679
SMR,2009,0.968391666956869
SMR,2010,0.97074615769187
SMR,2011,0.970999984741211
SMR,2012,0.970999984741211
SMR,2013,0.970999984741211
SMR,2014,0.970999984741211
SMR,2015,0.970999984741211
SMR,2016,0.970999984741211
SMR,2017,0.970999984741211
SMR,2018,0.970999984741211
SMR,2019,0.970999984741211
SMR,2020,0.970999984741211
SMR,2021,0.9710356684532719
SMR,2022,0.971141889380465
SOM,2009,0.378418671506609
SOM,2010,0.385735080618592
SOM,2011,0.39380318284448
SOM,2012,0.402722730087349
SOM,2013,0.412593474250273
SOM,2014,0.423515167236328
SOM,2015,0.438618107408479
SOM,2016,0.45942842729173994
SOM,2017,0.483639630032265
SOM,2018,0.509506215336872
SOM,2019,0.516421170703225
SOM,2020,0.52286318011754
SOM,2021,0.529060649733324
SOM,2022,0.535010115886789
SRB,2009,0.591643483956067
SRB,2010,0.593505550689338
SRB,2011,0.594349187787267
SRB,2012,0.593468437194824
SRB,2013,0.5961110687255861
SRB,2014,0.598779373168945
SRB,2015,0.601388092041016
SRB,2016,0.603853870034026
SRB,2017,0.60621208190918
SRB,2018,0.608433609008789
SRB,2019,0.6104922485351559
SRB,2020,0.61223201751709
SRB,2021,0.61363899230957
SRB,2022,0.619013813540396
SSD,2009,0.172937284639317
SSD,2010,0.17535620199576002
SSD,2011,0.177817678106789
SSD,2012,0.18032188544766398
SSD,2013,0.182868996493633
SSD,2014,0.185459183719929
SSD,2015,0.18809261960177298
SSD,2016,0.190769476614377
SSD,2017,0.193489927232944
SSD,2018,0.196254143932663
SSD,2019,0.199062299188719
SSD,2020,0.201914565476286
SSD,2021,0.204811115270532
SSD,2022,0.20775212104661597
STP,2009,0.650832313370367
STP,2010,0.6605722007282909
STP,2011,0.667275977610702
STP,2012,0.670335889448132
STP,2013,0.671306686401367
STP,2014,0.672606735229492
STP,2015,0.673915710449219
STP,2016,0.675218887329102
STP,2017,0.676520004272461
STP,2018,0.677828826904297
STP,2019,0.679129943847656
STP,2020,0.6804367065429691
STP,2021,0.6817389678955079
STP,2022,0.6837209197983409
SUR,2009,0.6650588691028819
SUR,2010,0.664338443691967
SUR,2011,0.663675227342307
SUR,2012,0.663132562693376
SUR,2013,0.6626835751345089
SUR,2014,0.662249266178037
SUR,2015,0.661828815074718
SUR,2016,0.661426466980469
SUR,2017,0.661046467051207
SUR,2018,0.660693060442846
SUR,2019,0.660370492311305
SUR,2020,0.6600830078125
SUR,2021,0.659853973388672
SUR,2022,0.658985443115234
SVK,2009,0.547260356993483
SVK,2010,0.545650740704331
SVK,2011,0.544167387988534
SVK,2012,0.542764528316182
SVK,2013,0.5413840240988921
SVK,2014,0.540029125499893
SVK,2015,0.538700628001622
SVK,2016,0.537399327086517
SVK,2017,0.536126018237016
SVK,2018,0.534881496935559
SVK,2019,0.533666558664583
SVK,2020,0.532481998906526
SVK,2021,0.531901479870605
SVK,2022,0.531902831072528
SVN,2009,0.502439782050416
SVN,2010,0.5011948627948261
SVN,2011,0.49946381874872303
SVN,2012,0.497619476318359
SVN,2013,0.5004665807540271
SVN,2014,0.50983470916748
SVN,2015,0.5366121602941439
SVN,2016,0.53647274017334
SVN,2017,0.552451133728027
SVN,2018,0.551913430955675
SVN,2019,0.554523277282715
SVN,2020,0.55384391784668
SVN,2021,0.553046289429588
SVN,2022,0.553377817873563
SWE,2009,0.8493410319198129
SWE,2010,0.851334228515625
SWE,2011,0.853600748880524
SWE,2012,0.8562506688831221
SWE,2013,0.859249771259894
SWE,2014,0.862563838747314
SWE,2015,0.866158654081858
SWE,2016,0.87
SWE,2017,0.8723737378691099
SWE,2018,0.874737430925296
SWE,2019,0.8770884202427589
SWE,2020,0.879424046895699
SWE,2021,0.8817416519583151
SWE,2022,0.884038576504809
SWZ,2009,0.222343865624794
SWZ,2010,0.223330792067471
SWZ,2011,0.22463475366539298
SWZ,2012,0.22623771592606498
SWZ,2013,0.22812164435699198
SWZ,2014,0.23026850446568
SWZ,2015,0.232660261759632
SWZ,2016,0.235278881746356
SWZ,2017,0.238052004963161
SWZ,2018,0.24057929540422698
SWZ,2019,0.24345954951775098
SWZ,2020,0.246652798922192
SWZ,2021,0.250156180525173
SWZ,2022,0.25396682918542
SXM,2009,1.0
SXM,2010,1.0
SXM,2011,1.0
SXM,2012,1.0
SXM,2013,1.0
SXM,2014,1.0
SXM,2015,1.0
SXM,2016,1.0
SXM,2017,1.0
SXM,2018,1.0
SXM,2019,1.0
SXM,2020,1.0
SXM,2021,1.0
SXM,2022,1.0
SYC,2009,0.426708881192085
SYC,2010,0.42660307244583
SYC,2011,0.426739844860866
SYC,2012,0.427261758463169
SYC,2013,0.42815069634181
SYC,2014,0.42938625618634196
SYC,2015,0.43094803568632
SYC,2016,0.43281563253129596
SYC,2017,0.434968644410824
SYC,2018,0.43738666901445905
SYC,2019,0.440049304031754
SYC,2020,0.442936147152263
SYC,2021,0.44602679606553897
SYC,2022,0.449108209981157
SYR,2009,0.550293653833552
SYR,2010,0.556962002889119
SYR,2011,0.584817704183521
SYR,2012,0.650896662830335
SYR,2013,0.730620491886137
SYR,2014,0.76
SYR,2015,0.7575290671885421
SYR,2016,0.7515400963398
SYR,2017,0.745395596323392
SYR,2018,0.740612602381775
SYR,2019,0.738248788261986
SYR,2020,0.7341250311025119
SYR,2021,0.7301250076293949
SYR,2022,0.726124992370605
TCD,2009,0.21778439656875498
TCD,2010,0.218472378191095
TCD,2011,0.21955873679763802
TCD,2012,0.221061904148178
TCD,2013,0.22297592985239098
TCD,2014,0.225294513486009
TCD,2015,0.228011258828974
TCD,2016,0.231119734707179
TCD,2017,0.23461349471104997
TCD,2018,0.238486084924975
TCD,2019,0.24273104738663298
TCD,2020,0.247341921795416
TCD,2021,0.252312246423075
TCD,2022,0.257635558629694
TGO,2009,0.371195037247939
TGO,2010,0.37554588297563796
TGO,2011,0.37987230564873203
TGO,2012,0.38419435959820397
TGO,2013,0.388516767884103
TGO,2014,0.392839506458368
TGO,2015,0.397162551272934
TGO,2016,0.401485878279739
TGO,2017,0.405809463430719
TGO,2018,0.41013328267780996
TGO,2019,0.41445731197295
TGO,2020,0.418781527268075
TGO,2021,0.423105904515122
TGO,2022,0.427332327975627
THA,2009,0.429991311200422
THA,2010,0.440018736622496
THA,2011,0.448048723557374
THA,2012,0.45373565813714994
THA,2013,0.45832134384777296
THA,2014,0.463138799467897
THA,2015,0.469521043776171
THA,2016,0.47880109555124695
THA,2017,0.492311973571777
THA,2018,0.5458437347412111
THA,2019,0.559266166687012
THA,2020,0.5723587799072269
THA,2021,0.585087776184082
THA,2022,0.59742374420166
TJK,2009,0.26529186594207
TJK,2010,0.265274312963978
TJK,2011,0.264792213439941
TJK,2012,0.264102249145508
TJK,2013,0.264883155822754
TJK,2014,0.265633735656738
TJK,2015,0.26478832244873
TJK,2016,0.263718509674072
TJK,2017,0.26273151397705097
TJK,2018,0.26233875274658197
TJK,2019,0.261300735473633
TJK,2020,0.261925442328719
TJK,2021,0.26199152515137497
TJK,2022,0.261957126615618
TKM,2009,0.468925342953825
TKM,2010,0.469171732247121
TKM,2011,0.469397537877858
TKM,2012,0.46960302310766106
TKM,2013,0.469788451198152
TKM,2014,0.469954085410955
TKM,2015,0.470100189007695
TKM,2016,0.47022702524999405
TKM,2017,0.470334857399476
TKM,2018,0.470423948717765
TKM,2019,0.47049456246648497
TKM,2020,0.470546961907259
TKM,2021,0.470581410301711
TKM,2022,0.470592103414926
TLS,2009,0.294007657042596
TLS,2010,0.296398840020416
TLS,2011,0.29633352306451
TLS,2012,0.296136082349605
TLS,2013,0.295836906253246
TLS,2014,0.295463092024041
TLS,2015,0.295043315008419
TLS,2016,0.294462907628171
TLS,2017,0.293600996787092
TLS,2018,0.29248617510057
TLS,2019,0.291148755245217
TLS,2020,0.28961904989764703
TLS,2021,0.287927371734472
TLS,2022,0.285857292288968
TON,2009,0.233612068183251
TON,2010,0.23424361909917799
TON,2011,0.23460754683670001
TON,2012,0.23458906263569201
TON,2013,0.23417079502034402
TON,2014,0.23343104093597097
TON,2015,0.232434422818439
TON,2016,0.231277038505921
TON,2017,0.22971130065496598
TON,2018,0.227017138925547
TON,2019,0.22328815562620602
TON,2020,0.21876620682341097
TON,2021,0.21258003897664998
TON,2022,0.21147219451841998
TTO,2009,0.543920297229449
TTO,2010,0.540899565963587
TTO,2011,0.5392536154747269
TTO,2012,0.539254053431618
TTO,2013,0.539255789963372
TTO,2014,0.539259699537793
TTO,2015,0.53926665238022
TTO,2016,0.539277523084951
TTO,2017,0.539293186833833
TTO,2018,0.539314518934907
TTO,2019,0.5393423947327389
TTO,2020,0.539377689584806
TTO,2021,0.5394212788538479
TTO,2022,0.539474037904998
TUN,2009,0.6633621978759769
TUN,2010,0.6662800598144529
TUN,2011,0.669191886197857
TUN,2012,0.672098922729492
TUN,2013,0.674999542236328
TUN,2014,0.677524643379101
TUN,2015,0.678807907104492
TUN,2016,0.680623356528248
TUN,2017,0.6828778076171881
TUN,2018,0.685485240272509
TUN,2019,0.688206382576031
TUN,2020,0.691043166438476
TUN,2021,0.693997523770568
TUN,2022,0.69707138648303
TUR,2009,0.6784014321712231
TUR,2010,0.693471253941487
TUR,2011,0.710028723528334
TUR,2012,0.737788680234324
TUR,2013,0.7852183683846959
TUR,2014,0.8360248507444329
TUR,2015,0.8721671079725369
TUR,2016,0.8810209585817761
TUR,2017,0.880320472717286
TUR,2018,0.881655749576173
TUR,2019,0.886618152857124
TUR,2020,0.889303114965222
TUR,2021,0.891762048153239
TUR,2022,0.890381164550781
TUV,2009,0.539728070033742
TUV,2010,0.550541326559964
TUV,2011,0.560428770356731
TUV,2012,0.568964903305448
TUV,2013,0.576314336806359
TUV,2014,0.582999596618832
TUV,2015,0.589148502652344
TUV,2016,0.594744768348285
TUV,2017,0.5995312749109121
TUV,2018,0.605596409590777
TUV,2019,0.612406529218636
TUV,2020,0.619212610534937
TUV,2021,0.626098296425994
TUV,2022,0.633065768081154
TWN,2009,
TWN,2010,
TWN,2011,
TWN,2012,
TWN,2013,
TWN,2014,
TWN,2015,
TWN,2016,
TWN,2017,
TWN,2018,
TWN,2019,
TWN,2020,
TWN,2021,
TWN,2022,
TZA,2009,0.27498387547781
TZA,2010,0.281968953939105
TZA,2011,0.28865726405543
TZA,2012,0.294878764597911
TZA,2013,0.30072510878250197
TZA,2014,0.306443077170742
TZA,2015,0.312061566592472
TZA,2016,0.317577303242916
TZA,2017,0.322987013317296
TZA,2018,0.328287423010834
TZA,2019,0.333475258518752
TZA,2020,0.33854724603627295
TZA,2021,0.343500111758619
TZA,2022,0.34823473637714697
UGA,2009,0.176123523369348
UGA,2010,0.187990645544572
UGA,2011,0.200561028736631
UGA,2012,0.21372369321253
UGA,2013,0.227367659239271
UGA,2014,0.241938503391826
UGA,2015,0.24977785656042698
UGA,2016,0.256953567134098
UGA,2017,0.264139260579546
UGA,2018,0.27128047501888397
UGA,2019,0.27836978179940297
UGA,2020,0.285399752271502
UGA,2021,0.292362957789022
UGA,2022,0.299251969709665
UKR,2009,0.685251442249547
UKR,2010,0.68637397133357
UKR,2011,0.6872342998262221
UKR,2012,0.688241983107739
UKR,2013,0.6893262880822261
UKR,2014,0.690554339301313
UKR,2015,0.691587317201337
UKR,2016,0.692102241609089
UKR,2017,0.692633108489282
UKR,2018,0.693157992777909
UKR,2019,0.693527648708735
UKR,2020,0.693839100516745
UKR,2021,0.6940270326538961
UKR,2022,0.6942345912103001
URY,2009,0.939337324320314
URY,2010,0.943333219475319
URY,2011,0.946036824756941
URY,2012,0.947606597546186
URY,2013,0.948844735142936
URY,2014,0.949897821210514
URY,2015,0.9508000022983031
URY,2016,0.951585424955685
URY,2017,0.9522882357320419
URY,2018,0.952942581176758
URY,2019,0.9534793090820309
URY,2020,0.953997650146484
URY,2021,0.954497146606445
URY,2022,0.9549774169921881
USA,2009,0.806850378350499
USA,2010,0.8069977446733659
USA,2011,0.806957554256024
USA,2012,0.806837493386238
USA,2013,0.8066088928121501
USA,2014,0.8062422317797661
USA,2015,0.8057079895350909
USA,2016,0.8049766453241309
USA,2017,0.804018678392891
USA,2018,0.802804567987377
USA,2019,0.801304793353594
USA,2020,0.79997451762548
USA,2021,0.800074765140272
USA,2022,0.800324978239707
UZB,2009,0.516105041503906
UZB,2010,0.513321647644043
UZB,2011,0.513395500183105
UZB,2012,0.5133596801757809
UZB,2013,0.511276969909668
UZB,2014,0.5088687133789059
UZB,2015,0.506597328186035
UZB,2016,0.506572189331055
UZB,2017,0.506787376403809
UZB,2018,0.505814971923828
UZB,2019,0.505920104980469
UZB,2020,0.507670402526855
UZB,2021,0.509269905090332
UZB,2022,0.509847412109375
VCT,2009,0.459420760438477
VCT,2010,0.460626395961215
VCT,2011,0.4618402928344
VCT,2012,0.463063114823836
VCT,2013,0.464319347036311
VCT,2014,0.465579930468544
VCT,2015,0.46684563872747503
VCT,2016,0.468116589511271
VCT,2017,0.469392900518098
VCT,2018,0.470674689446123
VCT,2019,0.47196207399351203
VCT,2020,0.473255171858432
VCT,2021,0.474554100739049
VCT,2022,0.47585897833353
VEN,2009,0.887865574027187
VEN,2010,0.888026372923982
VEN,2011,0.8880792789046591
VEN,2012,0.888401868543141
VEN,2013,0.8887868170397211
VEN,2014,0.8891639135252509
VEN,2015,0.8895398040792919
VEN,2016,0.889914428378712
VEN,2017,0.8902877261003781
VEN,2018,0.890659636921159
VEN,2019,0.891030100517924
VEN,2020,0.8913990565675449
VEN,2021,0.8917664447468909
VEN,2022,0.8921322047328359
VIR,2009,0.944814990349105
VIR,2010,0.945724392667003
VIR,2011,0.946553578863453
VIR,2012,0.947353591077883
VIR,2013,0.948105958193224
VIR,2014,0.948797070702488
VIR,2015,0.949413319098685
VIR,2016,0.949941093874829
VIR,2017,0.950366785523929
VIR,2018,0.9506767845389991
VIR,2019,0.950857481413049
VIR,2020,0.950974024521293
VIR,2021,0.9516043106109681
VIR,2022,0.952171514724412
VNM,2009,0.297581347355675
VNM,2010,0.302504027258526
VNM,2011,0.30699604168099603
VNM,2012,0.311222779403029
VNM,2013,0.315334201724543
VNM,2014,0.31948026994545403
VNM,2015,0.323810945365679
VNM,2016,0.328476189285136
VNM,2017,0.333625963003742
VNM,2018,0.33941022782141195
VNM,2019,0.34623913499951103
VNM,2020,0.355706676299742
VNM,2021,0.366540656426603
VNM,2022,0.375478515625
VUT,2009,0.242861753285463
VUT,2010,0.24742504119873002
VUT,2011,0.24786163404901299
VUT,2012,0.248183551383933
VUT,2013,0.24840736275026298
VUT,2014,0.248549637694775
VUT,2015,0.248626945764242
VUT,2016,0.248654875642873
VUT,2017,0.24764444145643702
VUT,2018,0.242729727045038
VUT,2019,0.235024668917075
VUT,2020,0.224186852094794
VUT,2021,0.22250182242247502
VUT,2022,0.222541249733107
WSM,2009,0.20104532148281698
WSM,2010,0.198302101862085
WSM,2011,0.196174273708146
WSM,2012,0.19478718368689002
WSM,2013,0.193865949620667
WSM,2014,0.193126679480432
WSM,2015,0.192340105383551
WSM,2016,0.19126462366749
WSM,2017,0.18965719187983102
WSM,2018,0.187241267935467
WSM,2019,0.184147344481283
WSM,2020,0.180516608994722
WSM,2021,0.175672426452007
WSM,2022,0.175007949951039
XKX,2009,0.378480031463455
XKX,2010,0.37929940798209005
XKX,2011,0.38025518427213695
XKX,2012,0.382296959226488
XKX,2013,0.386251749487938
XKX,2014,0.391938922761744
XKX,2015,0.39917681154074997
XKX,2016,0.40778374831780195
XKX,2017,0.417578065585746
XKX,2018,0.42837809583742903
XKX,2019,0.440002171565695
XKX,2020,0.45226862526339096
XKX,2021,0.464995789423362
XKX,2022,0.47800199653845504
YEM,2009,0.303031502248211
YEM,2010,0.306232848305331
YEM,2011,0.309237389467026
YEM,2012,0.312031839858628
YEM,2013,0.314427187944215
YEM,2014,0.318626162180918
YEM,2015,0.323883178702702
YEM,2016,0.329512008005236
YEM,2017,0.335586912522175
YEM,2018,0.342106045810864
YEM,2019,0.349067561732024
YEM,2020,0.35702560458030197
YEM,2021,0.36070495125630503
YEM,2022,0.363226310308295
ZAF,2009,0.6225928391312869
ZAF,2010,0.626299120560569
ZAF,2011,0.62850627754452
ZAF,2012,0.6296165603032631
ZAF,2013,0.630524024097034
ZAF,2014,0.631352327065742
ZAF,2015,0.632096349937231
ZAF,2016,0.632750973439347
ZAF,2017,0.6333110782999359
ZAF,2018,0.633771545246841
ZAF,2019,0.634127255007908
ZAF,2020,0.634373088310982
ZAF,2021,0.634503925883909
ZAF,2022,0.634766699210327
ZMB,2009,0.394908312026796
ZMB,2010,0.399558857709992
ZMB,2011,0.403684491825881
ZMB,2012,0.407698556821596
ZMB,2013,0.411682266235825
ZMB,2014,0.415634741658525
ZMB,2015,0.41955510467965196
ZMB,2016,0.423442476889162
ZMB,2017,0.42729597987701096
ZMB,2018,0.431114735233156
ZMB,2019,0.43489786454755197
ZMB,2020,0.43864448941015705
ZMB,2021,0.44235373141092604
ZMB,2022,0.445988511178469
ZWE,2009,0.327074288573175
ZWE,2010,0.327284525810054
ZWE,2011,0.327567295776968
ZWE,2012,0.327931752128328
ZWE,2013,0.329019343169941
ZWE,2014,0.331628075970801
ZWE,2015,0.335612641766874
ZWE,2016,0.340799460726314
ZWE,2017,0.347014953017273
ZWE,2018,0.354085538807905
ZWE,2019,0.361837638266364
ZWE,2020,0.37009767156080203
ZWE,2021,0.37869205885937296
ZWE,2022,0.38705520716904096
